{"sections":{"1647067892807084e1":{"type":"slide-show","blocks":{"16470678927dafedcc-0":{"type":"image","settings":{"image_slide":"shopify:\/\/shop_images\/slideshow-about.jpg","image_slide_mb":"shopify:\/\/shop_images\/Slider_Banner_Mobile.jpg","alignment":"center","enable_custom_position":false,"custom_horizontal":"","custom_vertical":"","enable_position_outside_image":false,"text_alignment":"center","enable_border_line":false,"padding_vertical":30,"content_width":750,"bg_color_content":"","border_color_content":"","profile_picture":"shopify:\/\/shop_images\/terminal-image.png","profile_name":"Annie.L","profile_name_color":"#ffffff","profile_name_fs":18,"profile_name_fs_mb":17,"profile_name_fw":"normal","profile_title":"Managing Director","profile_title_color":"#ffffff","profile_title_fs":12,"profile_title_fs_mb":12,"profile_title_fw":"normal","profile_spacing_bottom":50,"sub_heading":"","letter_spacing_sub_title":"","font_size_sub_heading":30,"sub_heading_spacing_bottom":20,"font_weight_sub_heading":"400","border_sub_heading":"none","sub_title_position":"sub_title_above","color_sub_heading":"#ffffff","heading":"<span style=\"font-weight: 600\">Cosmo de Milance<\/span>","letter_spacing_heading":"","enable_border_heading":false,"font_style_heading":"normal","font_size_heading":40,"line_height_heading":40,"heading_spacing_bottom":35,"color_heading":"#ffffff","slide-des":"Quisquemos sodales suscipit tortor ditaemcos condimentum de cosmo lacus meleifend menean diverra loremous. Nullam sit amet orci rutrum risus laoreet semper vel non magna. Mauris vel sem a lectus vehicula accumsan et eleifend multricies...","font_size_des":14,"des_spacing_bottom":45,"color_des":"#ffffff","sub_heading_mb":"","font_size_sub_heading_mb":20,"sub_heading_spacing_bottom_mb":20,"font_weight_sub_heading_mb":"400","border_sub_heading_mb":"none","color_sub_heading_mb":"#ffffff","heading_mb":"Cosmopolis","font_style_heading_mb":"normal","font_size_heading_mb":24,"line_height_heading_mb":24,"heading_spacing_bottom_mb":15,"color_heading_mb":"#ffffff","slide-des-mb":"Quisquemos sodales suscipit tortor ditaemcos condimentum de cosmo lacus meleifend menean diverra loremous.","font_size_des_mb":12,"des_spacing_bottom_mb":15,"color_des_mb":"#ffffff","enable_icon_button":false,"button_slide":"Meet the team","link":"","button_slide_2":"","link_2":"","min_width_banner_button":270,"color_button":"#ffffff","border_button":"#ffffff","bg_button":"rgba(0,0,0,0)","bg_button_gradient":"","color_button_hover":"#ffffff","border_button_hover":"#232323","bg_button_hover":"#232323","bg_button_gradient_hover":"","lb_product_1":"","top_position_1":"10","left_position_1":"10","dots_color_1":"#ffffff","dots_bg_color_1":"#232323","dots_shadow_color_1":"#232323","lb_product_2":"","top_position_2":"10","left_position_2":"10","dots_color_2":"#ffffff","dots_bg_color_2":"#232323","dots_shadow_color_2":"#232323","lb_product_3":"","top_position_3":"10","left_position_3":"10","dots_color_3":"#ffffff","dots_bg_color_3":"#232323","dots_shadow_color_3":"#232323"}},"5311b003-b07d-4685-baf4-c5e7ae8b91b9":{"type":"image","settings":{"image_slide":"shopify:\/\/shop_images\/slideshow-about.jpg","image_slide_mb":"shopify:\/\/shop_images\/Slider_Banner_Mobile.jpg","alignment":"center","enable_custom_position":false,"custom_horizontal":"","custom_vertical":"","enable_position_outside_image":false,"text_alignment":"center","enable_border_line":false,"padding_vertical":30,"content_width":750,"bg_color_content":"","border_color_content":"","profile_name":"","profile_name_color":"","profile_name_fs":20,"profile_name_fs_mb":20,"profile_name_fw":"normal","profile_title":"","profile_title_color":"","profile_title_fs":20,"profile_title_fs_mb":20,"profile_title_fw":"normal","profile_spacing_bottom":50,"sub_heading":"","letter_spacing_sub_title":"","font_size_sub_heading":30,"sub_heading_spacing_bottom":20,"font_weight_sub_heading":"400","border_sub_heading":"none","sub_title_position":"sub_title_above","color_sub_heading":"#ffffff","heading":"Cosmopolis","letter_spacing_heading":"","enable_border_heading":false,"font_style_heading":"normal","font_size_heading":40,"line_height_heading":40,"heading_spacing_bottom":29,"color_heading":"#ffffff","slide-des":"Quisquemos sodales suscipit tortor ditaemcos condimentum de cosmo lacus meleifend menean diverra loremous. Nullam sit amet orci rutrum risus laoreet semper vel non magna. Mauris vel sem a lectus vehicula accumsan et eleifend multricies...","font_size_des":14,"des_spacing_bottom":35,"color_des":"#ffffff","sub_heading_mb":"","font_size_sub_heading_mb":20,"sub_heading_spacing_bottom_mb":20,"font_weight_sub_heading_mb":"400","border_sub_heading_mb":"none","color_sub_heading_mb":"#ffffff","heading_mb":"Cosmopolis","font_style_heading_mb":"normal","font_size_heading_mb":24,"line_height_heading_mb":24,"heading_spacing_bottom_mb":8,"color_heading_mb":"#ffffff","slide-des-mb":"Quisquemos sodales suscipit tortor ditaemcos condimentum de cosmo lacus meleifend menean diverra loremous. Nullam sit amet orci rutrum risus laoreet semper vel non magna. Mauris vel sem a lectus vehicula accumsan et eleifend multricies...","font_size_des_mb":12,"des_spacing_bottom_mb":35,"color_des_mb":"#ffffff","enable_icon_button":false,"button_slide":"More about us","link":"","button_slide_2":"","link_2":"","min_width_banner_button":270,"color_button":"#ffffff","border_button":"#ffffff","bg_button":"rgba(0,0,0,0)","bg_button_gradient":"","color_button_hover":"#ffffff","border_button_hover":"#232323","bg_button_hover":"#232323","bg_button_gradient_hover":"","lb_product_1":"","top_position_1":"10","left_position_1":"10","dots_color_1":"#ffffff","dots_bg_color_1":"#232323","dots_shadow_color_1":"#232323","lb_product_2":"","top_position_2":"10","left_position_2":"10","dots_color_2":"#ffffff","dots_bg_color_2":"#232323","dots_shadow_color_2":"#232323","lb_product_3":"","top_position_3":"10","left_position_3":"10","dots_color_3":"#ffffff","dots_bg_color_3":"#232323","dots_shadow_color_3":"#232323"}},"d7c4a5e5-7085-45b9-946a-7419271f945b":{"type":"image","settings":{"image_slide":"shopify:\/\/shop_images\/slideshow-about.jpg","image_slide_mb":"shopify:\/\/shop_images\/Slider_Banner_Mobile.jpg","alignment":"center","enable_custom_position":false,"custom_horizontal":"","custom_vertical":"","enable_position_outside_image":false,"text_alignment":"center","enable_border_line":false,"padding_vertical":30,"content_width":475,"bg_color_content":"","border_color_content":"","profile_name":"","profile_name_color":"","profile_name_fs":20,"profile_name_fs_mb":20,"profile_name_fw":"normal","profile_title":"","profile_title_color":"","profile_title_fs":20,"profile_title_fs_mb":20,"profile_title_fw":"normal","profile_spacing_bottom":50,"sub_heading":"","letter_spacing_sub_title":"","font_size_sub_heading":30,"sub_heading_spacing_bottom":20,"font_weight_sub_heading":"400","border_sub_heading":"none","sub_title_position":"sub_title_above","color_sub_heading":"#ffffff","heading":"Cosmopolis","letter_spacing_heading":"","enable_border_heading":false,"font_style_heading":"normal","font_size_heading":40,"line_height_heading":40,"heading_spacing_bottom":8,"color_heading":"#ffffff","slide-des":"Quisquemos sodales suscipit tortor ditaemcos condimentum de cosmo lacus meleifend menean diverra loremous.","font_size_des":12,"des_spacing_bottom":35,"color_des":"#ffffff","sub_heading_mb":"","font_size_sub_heading_mb":20,"sub_heading_spacing_bottom_mb":20,"font_weight_sub_heading_mb":"400","border_sub_heading_mb":"none","color_sub_heading_mb":"#ffffff","heading_mb":"Cosmopolis","font_style_heading_mb":"normal","font_size_heading_mb":24,"line_height_heading_mb":24,"heading_spacing_bottom_mb":8,"color_heading_mb":"#ffffff","slide-des-mb":"Quisquemos sodales suscipit tortor ditaemcos condimentum de cosmo lacus meleifend menean diverra loremous.","font_size_des_mb":12,"des_spacing_bottom_mb":35,"color_des_mb":"#ffffff","enable_icon_button":false,"button_slide":"Shop Now","link":"","button_slide_2":"","link_2":"","min_width_banner_button":270,"color_button":"#ffffff","border_button":"#ffffff","bg_button":"rgba(0,0,0,0)","bg_button_gradient":"","color_button_hover":"#ffffff","border_button_hover":"#232323","bg_button_hover":"#232323","bg_button_gradient_hover":"","lb_product_1":"","top_position_1":"10","left_position_1":"10","dots_color_1":"#ffffff","dots_bg_color_1":"#232323","dots_shadow_color_1":"#232323","lb_product_2":"","top_position_2":"10","left_position_2":"10","dots_color_2":"#ffffff","dots_bg_color_2":"#232323","dots_shadow_color_2":"#232323","lb_product_3":"","top_position_3":"10","left_position_3":"10","dots_color_3":"#ffffff","dots_bg_color_3":"#232323","dots_shadow_color_3":"#232323"}},"2afe845c-edbe-4fe2-8c38-65090b81a24d":{"type":"image","settings":{"image_slide":"shopify:\/\/shop_images\/slideshow-about.jpg","image_slide_mb":"shopify:\/\/shop_images\/Slider_Banner_Mobile.jpg","alignment":"center","enable_custom_position":false,"custom_horizontal":"","custom_vertical":"","enable_position_outside_image":false,"text_alignment":"center","enable_border_line":false,"padding_vertical":30,"content_width":475,"bg_color_content":"","border_color_content":"","profile_name":"","profile_name_color":"","profile_name_fs":20,"profile_name_fs_mb":20,"profile_name_fw":"normal","profile_title":"","profile_title_color":"","profile_title_fs":20,"profile_title_fs_mb":20,"profile_title_fw":"normal","profile_spacing_bottom":50,"sub_heading":"","letter_spacing_sub_title":"","font_size_sub_heading":30,"sub_heading_spacing_bottom":20,"font_weight_sub_heading":"400","border_sub_heading":"none","sub_title_position":"sub_title_above","color_sub_heading":"#ffffff","heading":"Cosmopolis","letter_spacing_heading":"","enable_border_heading":false,"font_style_heading":"normal","font_size_heading":40,"line_height_heading":40,"heading_spacing_bottom":30,"color_heading":"#ffffff","slide-des":"Quisquemos sodales suscipit tortor ditaemcos condimentum de cosmo lacus meleifend menean diverra loremous.","font_size_des":12,"des_spacing_bottom":35,"color_des":"#ffffff","sub_heading_mb":"","font_size_sub_heading_mb":20,"sub_heading_spacing_bottom_mb":20,"font_weight_sub_heading_mb":"400","border_sub_heading_mb":"none","color_sub_heading_mb":"#ffffff","heading_mb":"Cosmopolis","font_style_heading_mb":"normal","font_size_heading_mb":24,"line_height_heading_mb":24,"heading_spacing_bottom_mb":8,"color_heading_mb":"#ffffff","slide-des-mb":"Quisquemos sodales suscipit tortor ditaemcos condimentum de cosmo lacus meleifend menean diverra loremous.","font_size_des_mb":12,"des_spacing_bottom_mb":35,"color_des_mb":"#ffffff","enable_icon_button":false,"button_slide":"Shop Now","link":"","button_slide_2":"","link_2":"","min_width_banner_button":270,"color_button":"#ffffff","border_button":"#ffffff","bg_button":"rgba(0,0,0,0)","bg_button_gradient":"","color_button_hover":"#ffffff","border_button_hover":"#232323","bg_button_hover":"#232323","bg_button_gradient_hover":"","lb_product_1":"","top_position_1":"10","left_position_1":"10","dots_color_1":"#ffffff","dots_bg_color_1":"#232323","dots_shadow_color_1":"#232323","lb_product_2":"","top_position_2":"10","left_position_2":"10","dots_color_2":"#ffffff","dots_bg_color_2":"#232323","dots_shadow_color_2":"#232323","lb_product_3":"","top_position_3":"10","left_position_3":"10","dots_color_3":"#ffffff","dots_bg_color_3":"#232323","dots_shadow_color_3":"#232323"}}},"block_order":["16470678927dafedcc-0","5311b003-b07d-4685-baf4-c5e7ae8b91b9","d7c4a5e5-7085-45b9-946a-7419271f945b","2afe845c-edbe-4fe2-8c38-65090b81a24d"],"settings":{"container":"1770","padding_full_width":0,"mg_top_desktop":0,"mg_top_tablet":0,"mg_top_mobile":0,"mg_bottom_desktop":5,"mg_bottom_tablet":0,"mg_bottom_mobile":0,"slideshow_background":"","slideshow_background_gradient":"","autoplay":true,"slideshow_speed":"5000","slideshow_transition":"true","dots":"true","dots_color":"#ffffff","dots_border_color":"#ffffff","dots_active_color":"rgba(0,0,0,0)","dots_active_border_color":"#ffffff","dots_direction":"right","position_slick_dots":"44%","dots_opacity":false,"arrow_active":false,"enable_custom_arrow":false,"arrow_width":35,"arrow_height":35,"arrow_size_icon":17,"arrow_color":"#666d6d","arrow_border_color":"#666d6d","arrow_bg_color":"#ffffff","arrow_color_hover":"","arrow_border_color_hover":"","arrow_bg_color_hover":"","position_slick_arrow":"10%","position_vertical_slick_arrow":"50%","video_height":"41.7%","auto_playvideo":true,"enable_categories":false,"text_categories":"Shop by categories","title_color":"#ffffff","bg_title":"#fd6506","text_icon_color":"#202020","menu_category":"","enable_banner":false,"lookbook_style":"1","lookbook_gradient_color":"","lookbook_background_color":"#333333","lookbook_text_color":"#ffffff","lookbook_dots_enabled":true,"lookbook_show_by_default":false,"lookbook_dots_mobile_enabled":true,"show_lookbook_title_price":true}},"main":{"type":"main-about-1-page","blocks":{"d4bab6c1-ab4b-442b-8884-47890038f054":{"type":"content","settings":{"title":"","content":"Cosmo lacus meleifend menean diverra loremous. Nullam sit amet orci rutrum risus laoreet semper vel non magna. Mauris vel sem a lectus vehicula ultricies. Etiam semper sollicitudin lectus indous scelerisque.","content_max_width":700,"align":"center","content_text_color":""}}},"block_order":["d4bab6c1-ab4b-442b-8884-47890038f054"],"settings":{"show_breadcrumb":true,"breadcrumb_alignment":"center","breadcrumb_bg":"","breadcrumb_gradient":"","breadcrumb_bg_mb":"#f6f6f6","breadcrumb_gradient_mb":"","show_page_title":true,"page_title_alignment":"center","container":"1170","side_padding_full_width":0,"mg_top_desktop":25,"mg_top_tablet":0,"mg_top_mobile":0,"mg_bottom_desktop":30,"mg_bottom_tablet":20,"mg_bottom_mobile":0}},"1647069160821d88be":{"type":"custom-service-block","blocks":{"25740899-dbe2-4b03-a62b-9168c8ae66fb":{"type":"Text","settings":{"bg_color_block":"#ffffff","border_block":"#ffffff","icon_type":"image","image":"shopify:\/\/shop_images\/policy-1.jpg","icon":"","width_icon":64,"height_icon":100,"mg_bottom_icon":25,"color_icon":"#3c3c3c","text":"Lorem De Dorus","type_tab_font":"font_1","fontsize_title_block":18,"fontsize_title_block_mb":18,"title_block_font_weight":"700","mg_bottom_title":18,"mg_bottom_title_mb":18,"color_block":"#232323","description":"Nullam aliquet vestibulum augue non varius. Cras cosmo congue an melitos. Duis tristique del maliquam.","fontsize_des_block":12,"fontsize_des_block_mb":12,"lineheight_des_block":24,"mg_bottom_des":7,"color_des_block":"#3c3c3c","button":"<span style=\"text-decoration: underline\">Learn How<\/span>","link":"","button_style":"style1","fontsize_button":12,"button_width":235,"fontweight_button":"500","enable_underline_button":false,"color_button":"#000000","button_border":"","button_background":"","button_background_gradient":"","button_color_hover":"#727272","button_border_hover":"","button_background_hover":"","button_background_gradient_hover":""}},"7ccfcefe-02c8-4e8b-9c16-a206ff50af09":{"type":"Text","settings":{"bg_color_block":"#ffffff","border_block":"#ffffff","icon_type":"image","image":"shopify:\/\/shop_images\/policy-2.jpg","icon":"","width_icon":64,"height_icon":64,"mg_bottom_icon":25,"color_icon":"#3c3c3c","text":"Milancelos Lanos","type_tab_font":"font_1","fontsize_title_block":18,"fontsize_title_block_mb":18,"title_block_font_weight":"700","mg_bottom_title":18,"mg_bottom_title_mb":18,"color_block":"#232323","description":"Nullam aliquet vestibulum augue non varius. Cras cosmo congue an melitos. Duis tristique del maliquam.","fontsize_des_block":12,"fontsize_des_block_mb":12,"lineheight_des_block":24,"mg_bottom_des":7,"color_des_block":"#3c3c3c","button":"<span style=\"text-decoration: underline\">Read Full Story<\/span>","link":"","button_style":"style1","fontsize_button":12,"button_width":235,"fontweight_button":"500","enable_underline_button":false,"color_button":"#000000","button_border":"","button_background":"","button_background_gradient":"","button_color_hover":"#727272","button_border_hover":"","button_background_hover":"","button_background_gradient_hover":""}},"1b4ffb2e-482e-4b14-a9d9-8b345d8bac6b":{"type":"Text","settings":{"bg_color_block":"#ffffff","border_block":"#ffffff","icon_type":"image","image":"shopify:\/\/shop_images\/policy-3.jpg","icon":"","width_icon":64,"height_icon":64,"mg_bottom_icon":25,"color_icon":"#3c3c3c","text":"Como A Milano","type_tab_font":"font_1","fontsize_title_block":18,"fontsize_title_block_mb":18,"title_block_font_weight":"700","mg_bottom_title":18,"mg_bottom_title_mb":18,"color_block":"#232323","description":"Nullam aliquet vestibulum augue non varius. Cras cosmo congue an melitos. Duis tristique del maliquam.","fontsize_des_block":12,"fontsize_des_block_mb":12,"lineheight_des_block":24,"mg_bottom_des":7,"color_des_block":"#3c3c3c","button":"<span style=\"text-decoration: underline\">Learn How<\/span>","link":"","button_style":"style1","fontsize_button":12,"button_width":235,"fontweight_button":"500","enable_underline_button":false,"color_button":"#000000","button_border":"","button_background":"","button_background_gradient":"","button_color_hover":"#727272","button_border_hover":"","button_background_hover":"","button_background_gradient_hover":""}}},"block_order":["25740899-dbe2-4b03-a62b-9168c8ae66fb","7ccfcefe-02c8-4e8b-9c16-a206ff50af09","1b4ffb2e-482e-4b14-a9d9-8b345d8bac6b"],"settings":{"container":"1170","padding_full_width":0,"display_border_top":false,"display_border_bottom":false,"border_color":"#d0d0d0","service_block_swipe_on_mobile":"slider","color_icon_slider":"#212121","service_block_style":"style_1","mg_top_desktop":0,"mg_top_tablet":0,"mg_top_mobile":0,"mg_bottom_desktop":50,"mg_bottom_tablet":15,"mg_bottom_mobile":15,"policies_bg":"#ffffff","policies_bg_gradient":"","service_block_title":"","enable_border_title":false,"color_title":"#000000","fontsize_title":30,"fontsize_title_mb":22,"mg_bottom_title_service_block":12,"mg_bottom_title_service_block_mb":12,"service_block_des":"","service_block_des_pos":"bottom","color_des":"#000000","fontsize_des":16,"mg_top_service_block_des":50,"mg_bottom_service_block_des":50,"view_all":"","view_all_align":"center","font_weight_view_all":"400","mg_top_view":0,"mg_bottom_view":30,"enable_border_view_all":true,"link_view_all":"","color_view_all":"#3c3c3c","icon_view_all":"","color_view_all_icon":"#eb492f","title_align":"center","item_width":"full_width","border_item":"none","enable_item_distance":true,"enable_hover_box_shadow":false,"enable_hover_effects_top":false,"item_padding_top":13,"item_padding_bottom":13,"item_padding_left_right":0,"item_radius":4,"grid_gap":30}},"164709134604b9bd62":{"type":"image-banner","blocks":{"471c21e7-2ee9-4f96-837a-14aa861e4436":{"type":"smallImg","settings":{"row_reverse":true,"image":"shopify:\/\/shop_images\/Slider_Banner_Mobile.jpg","small_img_block_style":"style_1","enable_divider":true,"divider_bg_color":"","content_spacing_right":50,"button_spacing_left":50,"button_pos_from_center":0,"content_pos_from_center":0,"divider_position_from_center":0,"small_banner_bg_color":"#f8f8f8","mg_bottom_icon":25,"sub_title":"","letter_spacing_sub_title":"","font_size_sub_title":14,"font_size_sub_title_mb":14,"margin_bottom_sub_title":14,"font_weight_sub_title":"700","sub_title_position":"sub_title_above","color_sub_title":"#232323","heading":"ABOUT STORE","letter_spacing_heading":"","font_size_heading":24,"font_size_heading_mb":24,"margin_bottom_heading":35,"font_weight_heading":"600","color_heading":"#232323","text":"Quisquemos sodales suscipit tortor ditaemcos condimentum de cosmo lacus meleifend menean diverra loremous. Nullam sit amet orci rutrum risus laoreet semper vel non magna. Mauris vel sem a lectus vehicula ultricies. Etiam semper sollicitudin lectus indous scelerisque...","font_size_des":12,"font_size_des_mb":12,"line_height_des":24,"margin_bottom_des":45,"color_des":"#3c3c3c","content_width":425,"align":"left","video_link":"https:\/\/www.youtube.com\/watch?v=_9VUPq3SxOc","adaptive_height_video":"56","icon_style":"style_2","color_icon":"#ffffff","bg_color_icon":"rgba(0,0,0,0)","btn_text":"Explore shop","link":"","button_1_width":195,"enable_button_custom_border":false,"button_color":"#ffffff","button_border":"#232323","button_background":"#232323","button_background_gradient":"","button_color_hover":"#232323","button_border_hover":"#232323","button_background_hover":"#ffffff","button_background_gradient_hover":"","btn_2_text":"","link_btn_2":"","button_2_width":235,"button_2_color":"#ffffff","button_2_border":"#232323","button_2_background":"#232323","button_2_background_gradient":"","button_2_color_hover":"#ffffff","button_2_border_hover":"#232323","button_2_background_hover":"#232323","button_2_background_gradient_hover":"","button_2_spacing_top":10}},"d87db763-d87d-4619-bfeb-2991343de838":{"type":"smallImg","settings":{"row_reverse":false,"image":"shopify:\/\/shop_images\/Slider_Banner_Mobile.jpg","small_img_block_style":"style_1","enable_divider":true,"divider_bg_color":"","content_spacing_right":50,"button_spacing_left":50,"button_pos_from_center":0,"content_pos_from_center":0,"divider_position_from_center":0,"small_banner_bg_color":"#f8f8f8","mg_bottom_icon":25,"sub_title":"","letter_spacing_sub_title":"","font_size_sub_title":14,"font_size_sub_title_mb":14,"margin_bottom_sub_title":14,"font_weight_sub_title":"700","sub_title_position":"sub_title_above","color_sub_title":"#232323","heading":"ABOUT STORE","letter_spacing_heading":"","font_size_heading":24,"font_size_heading_mb":24,"margin_bottom_heading":35,"font_weight_heading":"600","color_heading":"#232323","text":"Quisquemos sodales suscipit tortor ditaemcos condimentum de cosmo lacus meleifend menean diverra loremous. Nullam sit amet orci rutrum risus laoreet semper vel non magna. Mauris vel sem a lectus vehicula ultricies. Etiam semper sollicitudin lectus indous scelerisque...","font_size_des":12,"font_size_des_mb":12,"line_height_des":26,"margin_bottom_des":35,"color_des":"#232323","content_width":425,"align":"left","video_link":"https:\/\/www.youtube.com\/watch?v=_9VUPq3SxOc","adaptive_height_video":"56","icon_style":"style_2","color_icon":"#ffffff","bg_color_icon":"rgba(0,0,0,0)","btn_text":"Explore shop","link":"","button_1_width":195,"enable_button_custom_border":false,"button_color":"#ffffff","button_border":"#232323","button_background":"#232323","button_background_gradient":"","button_color_hover":"#232323","button_border_hover":"#232323","button_background_hover":"#ffffff","button_background_gradient_hover":"","btn_2_text":"","link_btn_2":"","button_2_width":235,"button_2_color":"#ffffff","button_2_border":"#232323","button_2_background":"#232323","button_2_background_gradient":"","button_2_color_hover":"#ffffff","button_2_border_hover":"#232323","button_2_background_hover":"#232323","button_2_background_gradient_hover":"","button_2_spacing_top":10}},"fcda05be-6663-46ff-a665-e015c619593b":{"type":"smallImg","settings":{"row_reverse":true,"image":"shopify:\/\/shop_images\/Slider_Banner_Mobile.jpg","small_img_block_style":"style_1","enable_divider":true,"divider_bg_color":"","content_spacing_right":50,"button_spacing_left":50,"button_pos_from_center":0,"content_pos_from_center":0,"divider_position_from_center":0,"small_banner_bg_color":"#f8f8f8","mg_bottom_icon":25,"sub_title":"","letter_spacing_sub_title":"","font_size_sub_title":14,"font_size_sub_title_mb":14,"margin_bottom_sub_title":14,"font_weight_sub_title":"700","sub_title_position":"sub_title_above","color_sub_title":"#232323","heading":"ABOUT STORE","letter_spacing_heading":"","font_size_heading":24,"font_size_heading_mb":24,"margin_bottom_heading":35,"font_weight_heading":"600","color_heading":"#232323","text":"Quisquemos sodales suscipit tortor ditaemcos condimentum de cosmo lacus meleifend menean diverra loremous. Nullam sit amet orci rutrum risus laoreet semper vel non magna. Mauris vel sem a lectus vehicula ultricies. Etiam semper sollicitudin lectus indous scelerisque...","font_size_des":12,"font_size_des_mb":12,"line_height_des":26,"margin_bottom_des":35,"color_des":"#232323","content_width":425,"align":"left","video_link":"https:\/\/www.youtube.com\/watch?v=_9VUPq3SxOc","adaptive_height_video":"56","icon_style":"style_2","color_icon":"#ffffff","bg_color_icon":"rgba(0,0,0,0)","btn_text":"Explore shop","link":"","button_1_width":195,"enable_button_custom_border":false,"button_color":"#ffffff","button_border":"#232323","button_background":"#232323","button_background_gradient":"","button_color_hover":"#232323","button_border_hover":"#232323","button_background_hover":"#ffffff","button_background_gradient_hover":"","btn_2_text":"","link_btn_2":"","button_2_width":235,"button_2_color":"#ffffff","button_2_border":"#232323","button_2_background":"#232323","button_2_background_gradient":"","button_2_color_hover":"#ffffff","button_2_border_hover":"#232323","button_2_background_hover":"#232323","button_2_background_gradient_hover":"","button_2_spacing_top":10}}},"block_order":["471c21e7-2ee9-4f96-837a-14aa861e4436","d87db763-d87d-4619-bfeb-2991343de838","fcda05be-6663-46ff-a665-e015c619593b"],"settings":{"container":"1170","padding_full_width":0,"mg_top_desktop":15,"mg_top_tablet":20,"mg_top_mobile":20,"mg_bottom_desktop":45,"mg_bottom_tablet":35,"mg_bottom_mobile":25,"image_banner_title":"","enable_border_title":false,"color_title":"#202020","fontsize_title":24,"fontsize_title_mb":20,"margin_bottom_title":25,"image_banner_des":"","color_des":"#202020","fontsize_des":16,"title_align":"center","style_bg":"none","bg_color":"","bg_color_gradient":"","display_type":"slide","enable_arrows":true,"arrows_position":"-13%","enable_dots":true,"enable_autoplay":false}},"164707469606355f61":{"type":"image-banner","blocks":{"026fa69e-8e2c-4f96-9f68-3d3e2c6a9d91":{"type":"smallImg","settings":{"row_reverse":false,"image":"shopify:\/\/shop_images\/about-us-banner.jpg","small_img_block_style":"style_2","enable_divider":true,"divider_bg_color":"#626262","content_spacing_right":105,"button_spacing_left":105,"button_pos_from_center":-39,"content_pos_from_center":3,"divider_position_from_center":26,"small_banner_bg_color":"#e5e5e5","mg_bottom_icon":25,"sub_title":"","letter_spacing_sub_title":"","font_size_sub_title":14,"font_size_sub_title_mb":14,"margin_bottom_sub_title":14,"font_weight_sub_title":"700","sub_title_position":"sub_title_above","color_sub_title":"#232323","heading":"CONTACT US","letter_spacing_heading":"","font_size_heading":24,"font_size_heading_mb":24,"margin_bottom_heading":33,"font_weight_heading":"600","color_heading":"#232323","text":"<p style=\"line-height: 30px; margin-bottom: 0px;margin-top: 5px;\">\n<span class=\"icon\">\n<svg style=\"position: relative; top: 0px; width: 20px;height: 20px\" aria-hidden=\"true\" focusable=\"false\" data-prefix=\"fas\" data-icon=\"comment-alt-dots\" role=\"img\" xmlns=\"http:\/\/www.w3.org\/2000\/svg\" viewbox=\"0 0 512 512\" class=\"svg-inline--fa fa-comment-alt-dots fa-w-16 fa-7x\"><path fill=\"currentColor\" d=\"M448 0H64C28.7 0 0 28.7 0 64v288c0 35.3 28.7 64 64 64h96v84c0 9.8 11.2 15.5 19.1 9.7L304 416h144c35.3 0 64-28.7 64-64V64c0-35.3-28.7-64-64-64zM128 240c-17.7 0-32-14.3-32-32s14.3-32 32-32 32 14.3 32 32-14.3 32-32 32zm128 0c-17.7 0-32-14.3-32-32s14.3-32 32-32 32 14.3 32 32-14.3 32-32 32zm128 0c-17.7 0-32-14.3-32-32s14.3-32 32-32 32 14.3 32 32-14.3 32-32 32z\" class=\"\"><\/path><\/svg>\n<\/span>\n<span style=\"margin-left: 10px\">TEXT: <a href=\"tel:%20(090)%20123-ELLA\">091-123-ELLA<\/a><\/span>\n<\/p>\n<p style=\"line-height:30px; margin-top: 0;\">\n<span class=\"icon\">\n<svg style=\"width: 20px;height: 20px\" aria-hidden=\"true\" focusable=\"false\" data-prefix=\"fas\" data-icon=\"envelope\" role=\"img\" xmlns=\"http:\/\/www.w3.org\/2000\/svg\" viewbox=\"0 0 512 512\" class=\"svg-inline--fa fa-envelope fa-w-16 fa-7x\"><path fill=\"currentColor\" d=\"M502.3 190.8c3.9-3.1 9.7-.2 9.7 4.7V400c0 26.5-21.5 48-48 48H48c-26.5 0-48-21.5-48-48V195.6c0-5 5.7-7.8 9.7-4.7 22.4 17.4 52.1 39.5 154.1 113.6 21.1 15.4 56.7 47.8 92.2 47.6 35.7.3 72-32.8 92.3-47.6 102-74.1 131.6-96.3 154-113.7zM256 320c23.2.4 56.6-29.2 73.4-41.4 132.7-96.3 142.8-104.7 173.4-128.7 5.8-4.5 9.2-11.5 9.2-18.9v-19c0-26.5-21.5-48-48-48H48C21.5 64 0 85.5 0 112v19c0 7.4 3.4 14.3 9.2 18.9 30.6 23.9 40.7 32.4 173.4 128.7 16.8 12.2 50.2 41.8 73.4 41.4z\" class=\"\"><\/path><\/svg><\/span>\n<span style=\"margin-left: 10px\"><a href=\"mailto:email@domain.com\">email@domain.com<\/a><\/span>\n<\/p>\n\n<p style=\"line-height: 26px; margin-top: 20px\">\n685 Market Street<br> San Francisco, CA 94105, \n<br>\nUnited States\n<\/p>\n\n<p style=\"line-height: 26px; margin-top: 20px; \">\nOpening Hours<br>\nMON to SAT: 9:00 AM - 10:00 PM\n<br>\nSUN: 10:00 AM - 6:00 PM\n<\/p>","font_size_des":12,"font_size_des_mb":12,"line_height_des":26,"margin_bottom_des":15,"color_des":"#232323","content_width":725,"align":"left","video_link":"","adaptive_height_video":"56","icon_style":"style_1","color_icon":"#ffffff","bg_color_icon":"#000000","btn_text":"Live Chat","link":"","button_1_width":215,"enable_button_custom_border":false,"button_color":"#232323","button_border":"#232323","button_background":"#f8f8f8","button_background_gradient":"","button_color_hover":"#ffffff","button_border_hover":"#f8f8f8","button_background_hover":"#727272","button_background_gradient_hover":"","btn_2_text":"Contact Us","link_btn_2":"","button_2_width":215,"button_2_color":"#ffffff","button_2_border":"#232323","button_2_background":"#232323","button_2_background_gradient":"","button_2_color_hover":"#232323","button_2_border_hover":"#232323","button_2_background_hover":"#ffffff","button_2_background_gradient_hover":"","button_2_spacing_top":10}}},"block_order":["026fa69e-8e2c-4f96-9f68-3d3e2c6a9d91"],"settings":{"container":"1770","padding_full_width":0,"mg_top_desktop":50,"mg_top_tablet":40,"mg_top_mobile":40,"mg_bottom_desktop":0,"mg_bottom_tablet":0,"mg_bottom_mobile":0,"image_banner_title":"","enable_border_title":false,"color_title":"#202020","fontsize_title":24,"fontsize_title_mb":20,"margin_bottom_title":25,"image_banner_des":"","color_des":"#202020","fontsize_des":16,"title_align":"center","style_bg":"none","bg_color":"#ffffff","bg_color_gradient":"","display_type":"slide","enable_arrows":false,"arrows_position":"","enable_dots":false,"enable_autoplay":false}}},"order":["1647067892807084e1","main","1647069160821d88be","164709134604b9bd62","164707469606355f61"]}