{"current":{"layout_header":"custom_width","header_custom_width_size":1300,"layout_body":"custom_width","body_custom_width_size":1300,"layout_footer":"full","footer_custom_width_size":1300,"enable_footer_policies":false,"header_mobile_layout":"02","mobile_menu":"default","header_layout":"02","enable_tab_categories":false,"footer_layout":"01","type_font_1":"google_fonts","type_font_1_name":"Roboto","type_font_1_font":"roboto_n4","type_font_2":"google_fonts","type_font_2_name":"Poppins","type_font_2_font":"roboto_n4","type_body":"font_1","type_body_font_size":16,"type_body_font_weight":"400","type_body_line_height":22,"type_heading":"font_2","type_heading_font_size":16,"type_heading_font_weight":"700","type_heading_line_height":1,"type_heading_letter_spacing":".05em","type_heading_border_height":2,"type_menu_lv_1":"font_1","type_menu_lv1_font_size":14,"type_menu_lv1_font_weight":"700","type_menu_lv1_text_transform":"uppercase","type_menu_lv1_line_height":22,"type_menu_lv1_letter_spacing":".05em","type_menu_lv_2":"font_1","type_menu_lv2_font_size":12,"type_menu_lv2_font_weight":"400","type_menu_lv2_text_transform":"capitalize","type_menu_lv2_line_height":22,"type_menu_lv2_letter_spacing":".02em","type_menu_lv_3":"font_1","type_menu_lv3_font_size":12,"type_menu_lv3_font_weight":"400","type_menu_lv3_text_transform":"capitalize","type_menu_lv3_line_height":22,"type_menu_lv3_letter_spacing":".02em","type_mega_menu_lv_2":"font_1","type_mega_menu_lv2_font_size":12,"type_mega_menu_lv2_font_weight":"600","type_mega_menu_lv2_text_transform":"uppercase","type_mega_menu_lv2_line_height":22,"type_mega_menu_lv2_letter_spacing":".02em","type_mega_menu_lv_3":"font_1","type_mega_menu_lv3_font_size":12,"type_mega_menu_lv3_font_weight":"400","type_mega_menu_lv3_text_transform":"capitalize","type_mega_menu_lv3_line_height":22,"type_mega_menu_lv3_letter_spacing":".02em","product_title_font":"font_1","product_title_font_size":16,"product_title_font_weight":"400","product_title_text_transform":"capitalize","product_title_line_height":22,"product_title_letter_spacing":".02em","product_title_line_text":"2","product_vendor_font_size":16,"badge_font_size":16,"blog_title_font":"font_2","blog_title_font_size":20,"blog_title_font_weight":"700","blog_title_text_transform":"uppercase","blog_title_line_height":29,"blog_title_letter_spacing":".09em","type_button_1":"font_1","type_button_1_font_size":18,"type_button_1_font_weight":"700","type_button_1_text_transform":"uppercase","button_1_line_height":22,"button_1_letter_spacing":".05em","button_1_border_radius":0,"button_1_border_width":1,"button_1_border_style":"solid","button_1_text_align":"center","button_1_padding_top":10,"button_1_padding_bottom":10,"button_1_horizontal_length":0,"button_1_vertical_length":0,"button_1_blur_radius":0,"btn_1_bg_box_shadow":"rgba(0,0,0,0)","button_1_opacity":"0.5","button_1_inset":"no","type_button_2":"font_2","type_button_2_font_size":18,"type_button_2_font_weight":"700","type_button_2_text_transform":"uppercase","button_2_line_height":22,"button_2_letter_spacing":".05em","button_2_border_radius":4,"button_2_text_align":"right","button_2_padding_top":20,"button_2_padding_bottom":20,"button_2_horizontal_length":4,"button_2_vertical_length":4,"button_2_blur_radius":7,"btn_2_bg_box_shadow":"#1991e2","button_2_opacity":"0.5","type_footer_heading":"font_1","type_footer_heading_font_size":15,"type_footer_heading_font_weight":"600","type_footer_heading_text_transform":"uppercase","type_footer_heading_line_height":22,"type_footer_heading_letter_spacing":".05em","type_footer_link":"font_1","type_footer_link_font_size":12,"type_footer_link_text_transform":"capitalize","type_footer_link_line_height":28,"type_footer_link_letter_spacing":".02em","type_page_title_font_size":20,"type_page_title_font_weight":"700","type_page_title_letter_spacing":".05em","show_wishlist":false,"show_effect_close":false,"show_global_checkbox":true,"global_checkbox_text":"I agree with","global_checkbox_link_text":"Terms & Conditions","global_checkbox_content":"TERMS & CONDITIONS\nLICENCE AGREEMENT FOR USERS OF WOGAMi FX SOUND LIBRARIES\n\nThis License Agreement governs the legal relationship between you, the purchaser (hereafter referred to as “the Customer”) of WOGAMi FX Sound Libraries, and WOGAMi FX (hereafter referred to as “WOGAMi FX”). WOGAMi FX offers digital goods and services, mainly in the form of Sound Effects Sample Libraries (hereafter referred to as “Samples”), from its website, www.wogamifx.com. which can be downloaded after paying a license fee. The Customer’s use of these Samples is subject to agreeing to the conditions in this License Agreement. By downloading, installing, or using the Samples in any other way, the Customer agrees to be legally bound by the terms of this License Agreement. The Samples may be used for the Customer’s own productions (for example: motion picture or television productions, computer and video games, theater productions, radio plays, websites, etc.), hereafter referred to as “Projects”.\n\nThis License Agreement includes:\n1. Mechanical Rights: The right to re-record, duplicate, and release the Samples as part of the Customer’s Project in whatever media the Customer chooses (video, film, video and computer games digital formats, etc.)\n2. Synchronization Rights: The right to use the Samples as a soundtrack “synced” with visual images, or sounds as part of the Customer’s Project\n3. Public Performance and Broadcast Rights: The right to use the Samples as part of the public viewing or broadcast of the Customer’s Project, including, but not limited to films, television, video and computer games, DVDs, Blue-Ray Disks, websites, podcasts, multimedia productions, and radio.\n\nSingle User License\nOnly the Customer personally is permitted to use the Samples, although the Customer may transfer files from his completed work product containing Samples to his clients, distributors or broadcasters, for the purpose of broadcast and reproduction for Permitted Uses, provided that such parties shall have no further or additional rights to use the Samples and cannot access or extract it from any file, film or television production or other work that you provide.\n\nLimits of Use\nThis License Agreement excludes any isolated and\/or independent use of the Samples. The license granted in this Agreement is personal to the Customer, and limited to the Customers Projects. WOGAMi FX only licenses the use of the Samples it provides; it retains full rights concerning the Samples. The use of the Samples for the creation of a sound library or audio samples or for any sample-based product — even if modified — is strictly prohibited. In addition, the Samples may not be repackaged in whole or part as sample libraries or audio samples or digital instrument patches or any other product, without the prior written permission of WOGAMi FX. Further you are not allowed to claim authorship of the samples.\n\nIndemnification\nThe Customer shall indemnify WOGAMi FX from, and against any and all claims, demands, suits, awards, damages, suits, injuries, liabilities and all reasonable expenses, including attorneys fees incurred by WOGAMi FX with respect to any matter that arises as a result of a breach of this Agreement by the Customer. WOGAMi FX shall not have the right to enjoin the use of the Sounds or to rescind any rights granted to the Customer hereunder.\n\nWOGAMi FX will defend, indemnify and hold harmless the Customer and its affiliated, related or subsidiary companies and its and\/or their employees, directors, officers, agents, shareholders, successors, assigns or licensees from and against any and all losses, costs, damages, expenses (including reasonable attorneys’ fees) and other liabilities arising from a claim, demand, action or suit alleging that the Sounds infringe a third party’s copyright, trademarks or patents and shall pay all damages, fees, and costs finally awarded against the Customer and its affiliated, related or subsidiary companies, entities or divisions and its and\/or their respective employees, directors, officers, agents, shareholders, successors, assigns or licensees in such action or any settlement thereof.\n\nGeneral\nThis License Agreement contains the entire agreement between WOGAMi FX and the Customer regarding the licensing, use, and liability limitations related to the use of WOGAMi FX products, in particular the aforementioned Samples. No part of this License Agreement may be amended, altered, modified, or waived in any way except in writing, specifying such an amendment, alteration, modification, or waiver, executed by both WOGAMi FX and the Customer. If any part of this License Agreement is deemed contrary to law or partially or entirely void in any way by any law or court of law, then the remaining provisions of the License Agreement will remain in full force and effect.\n\n\nDIGITAL PRODUCTS REFUND POLICY\n\nPurchase Terms of Agreement\nThe purchase of digital products is subject to the following terms and conditions. Consumers are advised to review carefully before making any purchase.\n\nPayment & Refund Policy\nAll transactions for purchase of intangible products and online content are made through payment gateways such as PayPal or Stripe that use SSL encryption. These payment gateways are safe and secure for using all types of credit cards and debit cards in different countries and your details are not stored during this process.\n\nSince your purchase is a digital product, it is deemed “used” after download or opening, and all purchases made on www.wogamifx.com are non-refundable or exchangeable. Since the products made available here are intangible, there is a strict no refund policy.\n\nWOGAMi FX reserves the right to amend any information, including but not limited to prices, technical specifications, terms of purchase and product or service offerings without prior notice.\n\nDelivery of Goods and Services\nIf you do not receive the digital product upon purchasing, you can immediately contact fx@wogami.be with your transaction\/payment details to ensure your product is delivered as soon as possible.","swatch_type":"color","swatch_border_radius":0,"show_customization_option":false,"customization_option_hidden":false,"customization_option_1":"Input Text","customization_option_2":"Input File","show_customer_login":false,"customer_login_btn_2":"2","show_hot_stock":false,"after_add_to_cart":"cart","enable_lazyload":false,"style_dots":"02","pagination_style":"1","trust_image_product_3":"shopify:\/\/shop_images\/security-image-3.png","trust_image_product_4":"shopify:\/\/shop_images\/security-image-4.png","trust_image_cart_1":"shopify:\/\/shop_images\/image-trust.jpg","share_product_type":"addthis","show_dynamic_browser_title":false,"dynamic_browser_title_content":"","enable_view_documentation":false,"enable_background_button_card":false,"disable_product_card_border":false,"product_block_image_ratio":"adapt","portrait_height":"130","show_image_swap":false,"show_image_loading":false,"show_vendor":false,"display_text_color_title":true,"show_review":false,"show_compare":false,"product_compare_type":"default","show_wishlist_card":false,"show_quick_view":false,"product_quick_view_type":"icon","product_content_text_align":"center","show_badge":false,"badge_postion":"left","sale_badge_type":"text","point_product_swatch_custom":"30px","show_action":false,"show_quick_shop":false,"enable_multilang_shopify":false,"lange_1":"en","i-lang-1":"<svg xmlns=\"http:\/\/www.w3.org\/2000\/svg\" version=\"1.1\" id=\"Layer_1\" x=\"0px\" y=\"0px\" viewbox=\"0 0 512 512\" style=\"enable-background:new 0 0 512 512;\" xmlns:xlink=\"http:\/\/www.w3.org\/1999\/xlink\" xml:space=\"preserve\">\n<circle style=\"fill:#F0F0F0;\" cx=\"256\" cy=\"256\" r=\"256\"><\/circle>\n<g>\n\t<path style=\"fill:#0052B4;\" d=\"M52.92,100.142c-20.109,26.163-35.272,56.318-44.101,89.077h133.178L52.92,100.142z\"><\/path>\n\t<path style=\"fill:#0052B4;\" d=\"M503.181,189.219c-8.829-32.758-23.993-62.913-44.101-89.076l-89.075,89.076H503.181z\"><\/path>\n\t<path style=\"fill:#0052B4;\" d=\"M8.819,322.784c8.83,32.758,23.993,62.913,44.101,89.075l89.074-89.075L8.819,322.784L8.819,322.784   z\"><\/path>\n\t<path style=\"fill:#0052B4;\" d=\"M411.858,52.921c-26.163-20.109-56.317-35.272-89.076-44.102v133.177L411.858,52.921z\"><\/path>\n\t<path style=\"fill:#0052B4;\" d=\"M100.142,459.079c26.163,20.109,56.318,35.272,89.076,44.102V370.005L100.142,459.079z\"><\/path>\n\t<path style=\"fill:#0052B4;\" d=\"M189.217,8.819c-32.758,8.83-62.913,23.993-89.075,44.101l89.075,89.075V8.819z\"><\/path>\n\t<path style=\"fill:#0052B4;\" d=\"M322.783,503.181c32.758-8.83,62.913-23.993,89.075-44.101l-89.075-89.075V503.181z\"><\/path>\n\t<path style=\"fill:#0052B4;\" d=\"M370.005,322.784l89.075,89.076c20.108-26.162,35.272-56.318,44.101-89.076H370.005z\"><\/path>\n<\/g>\n<g>\n\t<path style=\"fill:#D80027;\" d=\"M509.833,222.609h-220.44h-0.001V2.167C278.461,0.744,267.317,0,256,0   c-11.319,0-22.461,0.744-33.391,2.167v220.44v0.001H2.167C0.744,233.539,0,244.683,0,256c0,11.319,0.744,22.461,2.167,33.391   h220.44h0.001v220.442C233.539,511.256,244.681,512,256,512c11.317,0,22.461-0.743,33.391-2.167v-220.44v-0.001h220.442   C511.256,278.461,512,267.319,512,256C512,244.683,511.256,233.539,509.833,222.609z\"><\/path>\n\t<path style=\"fill:#D80027;\" d=\"M322.783,322.784L322.783,322.784L437.019,437.02c5.254-5.252,10.266-10.743,15.048-16.435   l-97.802-97.802h-31.482V322.784z\"><\/path>\n\t<path style=\"fill:#D80027;\" d=\"M189.217,322.784h-0.002L74.98,437.019c5.252,5.254,10.743,10.266,16.435,15.048l97.802-97.804   V322.784z\"><\/path>\n\t<path style=\"fill:#D80027;\" d=\"M189.217,189.219v-0.002L74.981,74.98c-5.254,5.252-10.266,10.743-15.048,16.435l97.803,97.803   H189.217z\"><\/path>\n\t<path style=\"fill:#D80027;\" d=\"M322.783,189.219L322.783,189.219L437.02,74.981c-5.252-5.254-10.743-10.266-16.435-15.047   l-97.802,97.803V189.219z\"><\/path>\n<\/g>\n<g>\n<\/g>\n<g>\n<\/g>\n<g>\n<\/g>\n<g>\n<\/g>\n<g>\n<\/g>\n<g>\n<\/g>\n<g>\n<\/g>\n<g>\n<\/g>\n<g>\n<\/g>\n<g>\n<\/g>\n<g>\n<\/g>\n<g>\n<\/g>\n<g>\n<\/g>\n<g>\n<\/g>\n<g>\n<\/g>\n<\/svg>","lange_2":"","i-lang-2":"","enable_currencies":false,"currency_type":"auto_currencies","currency_1_unit":"USD","i-currency-1":"<svg xmlns=\"http:\/\/www.w3.org\/2000\/svg\" version=\"1.1\" id=\"Layer_1\" x=\"0px\" y=\"0px\" viewbox=\"0 0 512 512\" style=\"enable-background:new 0 0 512 512;\" xmlns:xlink=\"http:\/\/www.w3.org\/1999\/xlink\" xml:space=\"preserve\">\n<circle style=\"fill:#F0F0F0;\" cx=\"256\" cy=\"256\" r=\"256\"><\/circle>\n<g>\n\t<path style=\"fill:#D80027;\" d=\"M244.87,256H512c0-23.106-3.08-45.49-8.819-66.783H244.87V256z\"><\/path>\n\t<path style=\"fill:#D80027;\" d=\"M244.87,122.435h229.556c-15.671-25.572-35.708-48.175-59.07-66.783H244.87V122.435z\"><\/path>\n\t<path style=\"fill:#D80027;\" d=\"M256,512c60.249,0,115.626-20.824,159.356-55.652H96.644C140.374,491.176,195.751,512,256,512z\"><\/path>\n\t<path style=\"fill:#D80027;\" d=\"M37.574,389.565h436.852c12.581-20.529,22.338-42.969,28.755-66.783H8.819   C15.236,346.596,24.993,369.036,37.574,389.565z\"><\/path>\n<\/g>\n<path style=\"fill:#0052B4;\" d=\"M118.584,39.978h23.329l-21.7,15.765l8.289,25.509l-21.699-15.765L85.104,81.252l7.16-22.037  C73.158,75.13,56.412,93.776,42.612,114.552h7.475l-13.813,10.035c-2.152,3.59-4.216,7.237-6.194,10.938l6.596,20.301l-12.306-8.941  c-3.059,6.481-5.857,13.108-8.372,19.873l7.267,22.368h26.822l-21.7,15.765l8.289,25.509l-21.699-15.765l-12.998,9.444  C0.678,234.537,0,245.189,0,256h256c0-141.384,0-158.052,0-256C205.428,0,158.285,14.67,118.584,39.978z M128.502,230.4  l-21.699-15.765L85.104,230.4l8.289-25.509l-21.7-15.765h26.822l8.288-25.509l8.288,25.509h26.822l-21.7,15.765L128.502,230.4z   M120.213,130.317l8.289,25.509l-21.699-15.765l-21.699,15.765l8.289-25.509l-21.7-15.765h26.822l8.288-25.509l8.288,25.509h26.822  L120.213,130.317z M220.328,230.4l-21.699-15.765L176.93,230.4l8.289-25.509l-21.7-15.765h26.822l8.288-25.509l8.288,25.509h26.822  l-21.7,15.765L220.328,230.4z M212.039,130.317l8.289,25.509l-21.699-15.765l-21.699,15.765l8.289-25.509l-21.7-15.765h26.822  l8.288-25.509l8.288,25.509h26.822L212.039,130.317z M212.039,55.743l8.289,25.509l-21.699-15.765L176.93,81.252l8.289-25.509  l-21.7-15.765h26.822l8.288-25.509l8.288,25.509h26.822L212.039,55.743z\"><\/path>\n<g>\n<\/g>\n<g>\n<\/g>\n<g>\n<\/g>\n<g>\n<\/g>\n<g>\n<\/g>\n<g>\n<\/g>\n<g>\n<\/g>\n<g>\n<\/g>\n<g>\n<\/g>\n<g>\n<\/g>\n<g>\n<\/g>\n<g>\n<\/g>\n<g>\n<\/g>\n<g>\n<\/g>\n<g>\n<\/g>\n<\/svg>","currency_2_unit":"EUR","i-currency-2":"<svg xmlns=\"http:\/\/www.w3.org\/2000\/svg\" version=\"1.1\" id=\"Layer_1\" x=\"0px\" y=\"0px\" viewbox=\"0 0 512 512\" style=\"enable-background:new 0 0 512 512;\" xmlns:xlink=\"http:\/\/www.w3.org\/1999\/xlink\" xml:space=\"preserve\">\n<circle style=\"fill:#0052B4;\" cx=\"256\" cy=\"256\" r=\"256\"><\/circle>\n<g>\n\t<polygon style=\"fill:#FFDA44;\" points=\"256.001,100.174 264.29,125.683 291.11,125.683 269.411,141.448 277.7,166.957    256.001,151.191 234.301,166.957 242.59,141.448 220.891,125.683 247.712,125.683  \"><\/polygon>\n\t<polygon style=\"fill:#FFDA44;\" points=\"145.814,145.814 169.714,157.99 188.679,139.026 184.482,165.516 208.381,177.693    181.89,181.889 177.694,208.381 165.517,184.482 139.027,188.679 157.992,169.714  \"><\/polygon>\n\t<polygon style=\"fill:#FFDA44;\" points=\"100.175,256 125.684,247.711 125.684,220.89 141.448,242.59 166.958,234.301 151.191,256    166.958,277.699 141.448,269.411 125.684,291.11 125.684,264.289  \"><\/polygon>\n\t<polygon style=\"fill:#FFDA44;\" points=\"145.814,366.186 157.991,342.286 139.027,323.321 165.518,327.519 177.693,303.62    181.89,330.111 208.38,334.307 184.484,346.484 188.679,372.974 169.714,354.009  \"><\/polygon>\n\t<polygon style=\"fill:#FFDA44;\" points=\"256.001,411.826 247.711,386.317 220.891,386.317 242.591,370.552 234.301,345.045    256.001,360.809 277.7,345.045 269.411,370.552 291.11,386.317 264.289,386.317  \"><\/polygon>\n\t<polygon style=\"fill:#FFDA44;\" points=\"366.187,366.186 342.288,354.01 323.322,372.975 327.519,346.483 303.622,334.307    330.112,330.111 334.308,303.62 346.484,327.519 372.974,323.321 354.009,342.288  \"><\/polygon>\n\t<polygon style=\"fill:#FFDA44;\" points=\"411.826,256 386.317,264.289 386.317,291.11 370.552,269.41 345.045,277.699 360.81,256    345.045,234.301 370.553,242.59 386.317,220.89 386.317,247.712  \"><\/polygon>\n\t<polygon style=\"fill:#FFDA44;\" points=\"366.187,145.814 354.01,169.714 372.975,188.679 346.483,184.481 334.308,208.38    330.112,181.889 303.622,177.692 327.519,165.516 323.322,139.027 342.289,157.991  \"><\/polygon>\n<\/g>\n<g>\n<\/g>\n<g>\n<\/g>\n<g>\n<\/g>\n<g>\n<\/g>\n<g>\n<\/g>\n<g>\n<\/g>\n<g>\n<\/g>\n<g>\n<\/g>\n<g>\n<\/g>\n<g>\n<\/g>\n<g>\n<\/g>\n<g>\n<\/g>\n<g>\n<\/g>\n<g>\n<\/g>\n<g>\n<\/g>\n<\/svg>","currency_3_unit":"GBP","i-currency-3":"<svg xmlns=\"http:\/\/www.w3.org\/2000\/svg\" version=\"1.1\" id=\"Layer_1\" x=\"0px\" y=\"0px\" viewbox=\"0 0 512 512\" style=\"enable-background:new 0 0 512 512;\" xmlns:xlink=\"http:\/\/www.w3.org\/1999\/xlink\" xml:space=\"preserve\">\n<circle style=\"fill:#F0F0F0;\" cx=\"256\" cy=\"256\" r=\"256\"><\/circle>\n<g>\n\t<path style=\"fill:#0052B4;\" d=\"M52.92,100.142c-20.109,26.163-35.272,56.318-44.101,89.077h133.178L52.92,100.142z\"><\/path>\n\t<path style=\"fill:#0052B4;\" d=\"M503.181,189.219c-8.829-32.758-23.993-62.913-44.101-89.076l-89.075,89.076H503.181z\"><\/path>\n\t<path style=\"fill:#0052B4;\" d=\"M8.819,322.784c8.83,32.758,23.993,62.913,44.101,89.075l89.074-89.075L8.819,322.784L8.819,322.784   z\"><\/path>\n\t<path style=\"fill:#0052B4;\" d=\"M411.858,52.921c-26.163-20.109-56.317-35.272-89.076-44.102v133.177L411.858,52.921z\"><\/path>\n\t<path style=\"fill:#0052B4;\" d=\"M100.142,459.079c26.163,20.109,56.318,35.272,89.076,44.102V370.005L100.142,459.079z\"><\/path>\n\t<path style=\"fill:#0052B4;\" d=\"M189.217,8.819c-32.758,8.83-62.913,23.993-89.075,44.101l89.075,89.075V8.819z\"><\/path>\n\t<path style=\"fill:#0052B4;\" d=\"M322.783,503.181c32.758-8.83,62.913-23.993,89.075-44.101l-89.075-89.075V503.181z\"><\/path>\n\t<path style=\"fill:#0052B4;\" d=\"M370.005,322.784l89.075,89.076c20.108-26.162,35.272-56.318,44.101-89.076H370.005z\"><\/path>\n<\/g>\n<g>\n\t<path style=\"fill:#D80027;\" d=\"M509.833,222.609h-220.44h-0.001V2.167C278.461,0.744,267.317,0,256,0   c-11.319,0-22.461,0.744-33.391,2.167v220.44v0.001H2.167C0.744,233.539,0,244.683,0,256c0,11.319,0.744,22.461,2.167,33.391   h220.44h0.001v220.442C233.539,511.256,244.681,512,256,512c11.317,0,22.461-0.743,33.391-2.167v-220.44v-0.001h220.442   C511.256,278.461,512,267.319,512,256C512,244.683,511.256,233.539,509.833,222.609z\"><\/path>\n\t<path style=\"fill:#D80027;\" d=\"M322.783,322.784L322.783,322.784L437.019,437.02c5.254-5.252,10.266-10.743,15.048-16.435   l-97.802-97.802h-31.482V322.784z\"><\/path>\n\t<path style=\"fill:#D80027;\" d=\"M189.217,322.784h-0.002L74.98,437.019c5.252,5.254,10.743,10.266,16.435,15.048l97.802-97.804   V322.784z\"><\/path>\n\t<path style=\"fill:#D80027;\" d=\"M189.217,189.219v-0.002L74.981,74.98c-5.254,5.252-10.266,10.743-15.048,16.435l97.803,97.803   H189.217z\"><\/path>\n\t<path style=\"fill:#D80027;\" d=\"M322.783,189.219L322.783,189.219L437.02,74.981c-5.252-5.254-10.743-10.266-16.435-15.047   l-97.802,97.803V189.219z\"><\/path>\n<\/g>\n<g>\n<\/g>\n<g>\n<\/g>\n<g>\n<\/g>\n<g>\n<\/g>\n<g>\n<\/g>\n<g>\n<\/g>\n<g>\n<\/g>\n<g>\n<\/g>\n<g>\n<\/g>\n<g>\n<\/g>\n<g>\n<\/g>\n<g>\n<\/g>\n<g>\n<\/g>\n<g>\n<\/g>\n<g>\n<\/g>\n<\/svg>","i-currency-4":"<svg xmlns=\"http:\/\/www.w3.org\/2000\/svg\" version=\"1.1\" id=\"Layer_1\" x=\"0px\" y=\"0px\" viewbox=\"0 0 512 512\" style=\"enable-background:new 0 0 512 512;\" xmlns:xlink=\"http:\/\/www.w3.org\/1999\/xlink\" xml:space=\"preserve\">\n<circle style=\"fill:#D80027;\" cx=\"256\" cy=\"256\" r=\"256\"><\/circle>\n<polygon style=\"fill:#F0F0F0;\" points=\"389.565,211.479 300.522,211.479 300.522,122.435 211.478,122.435 211.478,211.479   122.435,211.479 122.435,300.522 211.478,300.522 211.478,389.565 300.522,389.565 300.522,300.522 389.565,300.522 \"><\/polygon>\n<g>\n<\/g>\n<g>\n<\/g>\n<g>\n<\/g>\n<g>\n<\/g>\n<g>\n<\/g>\n<g>\n<\/g>\n<g>\n<\/g>\n<g>\n<\/g>\n<g>\n<\/g>\n<g>\n<\/g>\n<g>\n<\/g>\n<g>\n<\/g>\n<g>\n<\/g>\n<g>\n<\/g>\n<g>\n<\/g>\n<\/svg>","enable_multilevel_categories":false,"category_filter":"main-menu","category_filter_label1":"","category_filter_label2":"","category_filter_label3":"","show_quick_search":false,"quick_search_to_show":3,"show_search_trending":false,"search_trending_title":"Trending Now","seach_trending_item_1":"dempus","seach_trending_item_2":"sample","seach_trending_item_3":"magnis","seach_trending_item_4":"loremous saliduar","seach_trending_item_5":"naminos","seach_trending_item_6":"dinterdum","seach_trending_item_7":"","seach_trending_item_8":"","seach_trending_item_9":"","seach_trending_item_10":"","seach_trending_item_11":"","seach_trending_item_12":"","seach_trending_item_13":"","seach_trending_item_14":"","seach_trending_item_15":"","show_search_product":false,"search_product_collection":"collection-home-1-1","search_product_to_show":3,"search_product_per_row":"3","search_type":"all","show_quick_cart":true,"quick_cart_redirect_button":"none","quick_cart_redirect_button_link":"","quick_cart_sidebar_item_bg":"#ffffff","quick_cart_sidebar_item_border":"#e8e8e8","quick_cart_sidebar_item_borderw":1,"quick_cart_sidebar_item_borders":"solid","show_cart_note":false,"show_cart_gift":false,"cart_product_gift":"gift-wrapping","gift_content":"Do you want a gift wrap?","main_cart_gift_content":"DO YOU WANT A GIFT WRAP? <span style=\"font-weight: bold\">ONLY FOR $10.00<span><\/span><\/span>","show_cart_shipping":false,"shipping_rate_calculator_default_country":"United States","show_cart_discount":false,"show_quick_cart_popular_product":false,"quick_cart_popular_product_title":"You May Also Like","quick_cart_popular_product_collection":"suito","quick_cart_popular_product_dots":false,"quick_cart_popular_product_arrows":true,"show_quick_edit_cart":true,"quick_edit_cart_picker_type":"button","quick_view_layout":"3","quick_view_product_image_ratio":"adapt","show_quick_view_review":false,"show_quick_view_sold_in":false,"show_quick_view_short_description":false,"show_countdown":false,"countdown_type":"all_product","countdown_time":"Dec 31, 2023 18:00:00","countdown_collection":"","countdown_style":"2","show_calculator_free_shipping_message":false,"calculator_free_shipping_message_height":10,"calculator_free_shipping_message_border_radius":20,"calculator_free_shipping_message_color":"#727272","calculator_free_shipping_message_bg":"#ededed","calculator_free_shipping_message_bg_1":"#f44336","calculator_free_shipping_message_bg_2":"#ffc206","show_someone_purchase":false,"show_someone_purchase_mobile":true,"someone_purchase_position":"right","someone_purchase_product_1":"dempus-lortis-cosmo-sapiendo","someone_purchase_product_2":"dempus-lortis-cosmo-sapiendo-3","someone_purchase_from_ago_2":"Melbourne, AU","someone_purchase_time_ago_2":"15","someone_purchase_product_3":"sample-product-12-clothing-and-accessory-boutiques-for-sale","someone_purchase_from_ago_3":"Sydney, AU","someone_purchase_time_ago_3":"10","someone_purchase_product_4":"sample-product-16-clothing-and-accessory-boutiques-for-sale","someone_purchase_from_ago_4":"Albury, AU","someone_purchase_time_ago_4":"25","someone_purchase_product_5":"sample-product-22-clothing-and-accessory-boutiques-for-sale","someone_purchase_from_ago_5":"New York, US","someone_purchase_time_ago_5":"30","someone_purchase_product_6":"sample-product-2-clothing-and-accessory-boutiques-for-sale","someone_purchase_from_ago_6":"New Deli, India","someone_purchase_product_7":"sample-product-23-clothing-and-accessory-boutiques-for-sale","someone_purchase_from_ago_7":"London, UK","someone_purchase_time_ago_7":"15","someone_purchase_product_8":"sample-product-28-clothing-and-accessory-boutiques-for-sale","someone_purchase_from_ago_8":"Tokyo, Japan","someone_purchase_time_ago_8":"25","someone_purchase_product_9":"sample-product-13-clothing-and-accessory-boutiques-for-sale","someone_purchase_from_ago_9":"Beijing, China","someone_purchase_time_ago_9":"30","someone_purchase_product_10":"sample-product-35-clothing-and-accessory-boutiques-for-sale","show_gdpr_cookie_consent":false,"gdpr_cookie_consent_type":"left","gdpr_cookie_consent_btn_1_link":"https:\/\/policies.google.com\/","gdpr_cookie_consent_btn_2_text":"Accept","gdpr_cookie_consent_color":"#ffffff","gdpr_cookie_consent_color_privacy":"#818181","gdpr_cookie_consent_bg":"#141414","show_newsletter_popup":false,"newsletter_popup_delay":5,"show_newsletter_popup_image":false,"newsletter_popup_image":"shopify:\/\/shop_images\/1_a2e58338-7673-4181-8595-2520dc286924.jpg","newsletter_popup_title":"Join Our Mailing List","newsletter_popup_desc":"Sign Up for exclusive updates, \nnew arrivals & insider only discounts","newsletter_popup_note":"No, thanks","show_recently_viewed_popup":false,"recently_viewed_limit":5,"show_recently_viewed_share":false,"show_recently_viewed_top":false,"show_before_you_leave":false,"before_you_leave_time":1,"before_you_leave_logo":"shopify:\/\/shop_images\/ella-logo-black-compressor.png","before_you_leave_bg":"shopify:\/\/shop_images\/before-you.jpg","before_you_leave_content":"<h3 class=\"title\">Before you leave...<\/h3>\n\t\t<p class=\"desc1\">Take 20% off your first order<\/p>\n\t\t<h3 class=\"heading1\">\n\t\t\t<span class=\"text\">20% off<\/span>\n\t\t<\/h3>\n\t\t<p class=\"desc2\">Enter the code below at checkout to get 20% off your first order<\/p>\n\t\t<h3 class=\"heading2\">CODESALE20<\/h3>\n\t\t<a class=\"button button-2\" href=\"\/new-in\">\n\t\t\t<span class=\"text\">Continue Shopping<\/span>\n\t\t<\/a>","before_you_leave_collection":"milancelos","before_you_leave_collection_limit":3,"before_you_leave_btn":"1","show_notify_form":false,"notify_form_btn":"1","show_ask_an_expert":false,"ask_an_expert_show":"all_page","ask_an_expert_icon":"<svg xmlns=\"http:\/\/www.w3.org\/2000\/svg\" viewbox=\"0 0 48 48\"><path fill=\"#FFA726\" d=\"M10 22A4 4 0 1 0 10 30 4 4 0 1 0 10 22zM38 22A4 4 0 1 0 38 30 4 4 0 1 0 38 22z\"><\/path><path fill=\"#FFB74D\" d=\"M39,19c0-12.7-30-8.3-30,0c0,1.8,0,8.2,0,10c0,8.3,6.7,15,15,15s15-6.7,15-15C39,27.2,39,20.8,39,19z\"><\/path><path fill=\"#FF5722\" d=\"M24,3C14.6,3,7,10.6,7,20c0,1.2,0,3.4,0,3.4L9,25v-3l21-9.8l9,9.8v3l2-1.6c0,0,0-2.1,0-3.4C41,12,35.3,3,24,3z\"><\/path><path fill=\"#784719\" d=\"M31 24A2 2 0 1 0 31 28 2 2 0 1 0 31 24zM17 24A2 2 0 1 0 17 28 2 2 0 1 0 17 24z\"><\/path><path fill=\"#757575\" d=\"M43,24c-0.6,0-1,0.4-1,1v-7c0-8.8-7.2-16-16-16h-7c-0.6,0-1,0.4-1,1s0.4,1,1,1h7c7.7,0,14,6.3,14,14v10c0,0.6,0.4,1,1,1s1-0.4,1-1v2c0,3.9-3.1,7-7,7H24c-0.6,0-1,0.4-1,1s0.4,1,1,1h11c5,0,9-4,9-9v-5C44,24.4,43.6,24,43,24z\"><\/path><g><path fill=\"#37474F\" d=\"M43 22h-1c-1.1 0-2 .9-2 2v4c0 1.1.9 2 2 2h1c1.1 0 2-.9 2-2v-4C45 22.9 44.1 22 43 22zM24 36A2 2 0 1 0 24 40 2 2 0 1 0 24 36z\"><\/path><\/g><\/svg>","share_facebook":false,"share_twitter":false,"share_pinterest":false,"social_twitter_link":"","social_facebook_link":"","social_pinterest_link":"","social_instagram_link":"https:\/\/www.instagram.com\/wogami.fx","social_tiktok_link":"","social_youtube_link":"https:\/\/www.youtube.com\/@wogamifx","social_vimeo_link":"","product_vendor_color":"#023858","product_title_color":"#023858","product_title_color_hover":"#023858","product_price_color":"#023858","product_price_sale_color":"#e95144","product_price_compare_color":"#023858","product_review_full_color":"#023858","variant_size_color":"#023858","variant_size_border":"#e7e7e7","variant_size_bg_hover":"#023858","variant_size_border_hover":"#023858","product_swatch_border":"#cbcbcb","product_swatch_border_active":"#023858","product_wishlist_color_added":"#ffffff","product_wishlist_bg_added":"#000000","product_compare_color":"#023858","product_quick_view_color":"#023858","product_quick_view_bg_hover":"#023858","product_action_color":"#023858","product_action_border":"#023858","product_action_bg":"#ffffff","product_action_border_hover":"#023858","product_action_bg_hover":"#023858","new_badge_color":"#023858","sale_badge_color":"#ffffff","sale_badge_bg":"#e95144","sold_out_badge_color":"#ffffff","sold_out_badge_bg":"#c1c1c1","custom_badge_color":"#ffffff","custom_badge_bg":"#ffbb49","bundle_badge_color":"#ffffff","bundle_badge_bg":"#023858","colors_bg":"#ffffff","colors_bg_placeholder":"#b05d5d","colors_text":"#023858","colors_text2":"#ffffff","colors_text_grey":"#023858","colors_text_black":"#023858","colors_link":"#232323","colors_link_hover":"#232323","colors_breadcrumb":"#023858","colors_breadcrumb_hover":"#ff8b21","colors_breadcrumb_active":"#023858","colors_info":"#023858","colors_global":"#023858","border_global":"#ffffff","bg_global":"#ffffff","colors_arrow":"#023858","border_colors_arrow":"#023858","bg_colors_arrow":"#fff","hover_colors_arrow":"#323232","hover_border_colors_arrow":"#f8f8f8","hover_bg_colors_arrow":"#f8f8f8","border_colors_dots":"#023858","pagination_item_color":"#023858","pagination_item_color_active":"#023858","pagination_item_border_color_active":"#ffffff","pagination_arrow_color":"#023858","pagination_arrow_color_active":"#023858","swatch_border":"#cbcbcb","swatch_border-active":"#023858","variant_bg":"#ffffff","variant_color":"#023858","variant_bg_active":"#ffffff","variant_color_active":"#023858","btn_1_border":"#023858","btn_1_bg":"#023858","btn_1_color_hover":"#023858","btn_1_border_hover":"#b05d5d","btn_1_bg_hover":"#ffffff","btn_2_color":"#023858","btn_2_border":"#023858","btn_2_border_hover":"#023858","btn_2_bg_hover":"#b05d5d","btn_3_border":"#e9514b","btn_3_bg":"#e9514b","btn_3_color_hover":"#ffffff","btn_3_border_hover":"#e9514b","btn_3_bg_hover":"#e9514b","banner_animation":"effect_1","use_custom_css":false,"use_custom_js":false,"checkout_logo_image":"shopify:\/\/shop_images\/WFX-PRO.ESHOP-LOGO.221108-D_3c461faf-2803-4896-a074-50bc0b0c44ab.png","checkout_logo_position":"left","checkout_logo_size":"medium","checkout_body_background_color":"#fff","checkout_input_background_color_mode":"white","checkout_sidebar_background_color":"#023858","checkout_heading_font":"Roboto","checkout_body_font":"Roboto","checkout_accent_color":"#023858","checkout_button_color":"#023858","enable_shopify_payments_currencies":false,"enable_multiple_currencies":true,"enable_auto_currency":false,"badge_style":"1","vendor_text_transform":"uppercase","colors_loading_icon":"#fff","product_action_group_position":"left","search_product_image_ratio":"portrait","quick_edit_cart_image_ratio":"adapt","quick_cart_redirect_button_type":"3","quick_cart_btn_2":"1","quick_cart_type":"popup","product_swatch_type":"grid","newsletter_popup_style":"2","accent_badge_color_scheme":"background-2","custom_width_size":1600,"quick_cart_popular_product_type":"2","calculator_free_shipping_message_style":"3","free_shipping_borderw":0,"customer_login_type":"sidebar","body_line_height":50,"body_letter_spacing":".02em","sections":{"announcement-bar":{"type":"announcement-bar","settings":{"enable_close":false,"arrow_active":false,"color_text":"#b05d5d","bg_color_text":"#ffe8e8","bg_color_text_gradient":"","font_size_text":12,"top_message_text":"","annou_countdown":"","color_countdown_text":"#06142e","border_color_countdown":"#f7f8fa","bg_color_countdown":"#f7f8fa"}},"header":{"type":"header","settings":{"menu":"","show_megamenu":false,"enable_sticky_header":false,"hide_scroll":true,"show_search":false,"show_cart":true,"show_wishlist":false,"show_customer":true,"display_customer_service":false,"customer_service_text":"Customer Service <a href=\"tel:091%20234-ELLA\">091 234-ELLA<\/a>","display_free_shipping":false,"free_shipping_text":"Free shipping on all orders. No minimum purchase","header_top_color":"#323232","header_top_color_2":"#232323","header_top_bg":"#003555","header_top_bg_gradient":"","bg_search_color":"#fafafa","search_color":"#003555","search_icon_color":"#003555","search_border_color":"#e7e7e7","cart_bg_item":"#e7e7e7","cart_color_item":"#003555","header_bottom_bg":"rgba(0,0,0,0)","header_bottom_bg_gradient":"","header_mobile_bg":"#ffffff","header_mobile_color":"#003555","header_icon_mobile_spacing":0,"logo_text":"","logo_width":90,"logo_width_mobile":50,"logo_width_fixed":50,"logo_font_size":15,"logo_font_weight":"900","logo_text_transform":"uppercase","logo_color":"#ffffff","lv_1_color":"#ffffff","lv_1_color_hover":"#ffffff","lv_1_color_mb":"#000000","lv_2_color":"#232323","lv_2_color_hover":"#232323","lv_2_color_mb":"#000000","lv_3_color":"#3c3c3c","lv_3_color_hover":"#3c3c3c","lv_3_color_mb":"#000000","sale_item_1":"","sale_item_2":"","sale_item_3":"","sale_item_color":"#d12442","show_label":false,"show_label_blink":false,"new_label_1":"","new_label_2":"","new_label_3":"","new_label_color":"#ffffff","new_label_bg":"#06bfe2","new_label_bg_gradient":"","sale_label_1":"","sale_label_2":"","sale_label_3":"","sale_label_color":"#ffffff","sale_label_bg":"#ef6454","sale_label_bg_gradient":"","hot_label_1":"","hot_label_2":"","hot_label_3":"","hot_label_color":"#ffffff","hot_label_bg":"#ffbb49","hot_label_bg_gradient":"","bg_mega_menu":"#ffffff","bg_mega_menu_style_4":"#f8f8f8","az_brand_link_text_color":"#ffffff"}},"footer":{"type":"footer","settings":{"enable_border_footer_top":true,"border_footer_top_color":"#ffffff","pdtop_footer_top":0,"pdbottom_footer_top":0,"footer_top_bg":"#003555","footer_top_bg_gradient":"","show_footer_top_bg_img":false,"footer_top_bg_position_x":"center","footer_top_bg_position_y":"bottom","footer_top_bg_repeat":"no-repeat","footer_top_bg_attachment":"fixed","footer_top_bg_size":"cover","footer_top_text_align":"center","footer_top_title_color":"#ffffff","footer_top_color_link":"#ffffff","footer_top_color_link_hover":"#ffffff","social_heading":"","show_social":false,"enable_bg_social":false,"social_margin_top":0,"social_icon_width":0,"social_icon_padding":0,"social_icon_border_width":0,"social_icon_margin_right":0,"social_position":"1","column_reverse":false,"social_color":"#023858","social_border_color":"#ffffff","social_background_color":"#ffffff","social_background_color_gradient":"","social_color_hover":"#023858","social_border_color_hover":"#ffffff","social_background_color_hover":"#ffffff","social_background_color_gradient_hover":"","social_box_hover_color":"#ffffff","enable_trust":false,"margin_top_image_trust":0,"trust_position":"full","image_trust_align":"center","pdtop_footer_bottom":0,"pdbottom_footer_bottom":0,"border_top":false,"footer_bottom_color":"#ffffff","border_top_color":"#282828","footer_bottom_bg":"#003555","footer_bottom_bg_gradient":"","show_copyright":false,"enable_layout_grid":true,"copyright_content":"© 2023 WOGAMi. All rights reserved.","show_payment":false,"payment_margin_top":0,"heading_payment":"","payment_position":"7","payment_type":"custom","show_payment_visa":true,"show_payment_master":true,"show_payment_maestro":true,"show_payment_american_express":true,"show_payment_apple_pay":true,"show_payment_bitcoin":false,"show_payment_dankort":false,"show_payment_diners_club":false,"show_payment_discover":false,"show_payment_paypal":true,"show_payment_dogecoin":false,"show_payment_dwolla":false,"show_payment_forbrugsforeningen":false,"show_payment_jcb":false,"show_payment_litecoin":false,"show_payment_afterpay":false,"show_payment_google_pay":true,"show_payment_ideal":false,"show_payment_klarna":false,"show_payment_klarna-pay-later":false,"show_payment_shopify_pay":true,"show_payment_sofort":false}},"halo-toolbar-mobile":{"type":"halo-toolbar-mobile","settings":{"display_section":false,"font_size":12,"font_weight":"500","icon_size":20,"color_icon":"#232323","border_color":"#ffffff","bg_color":"#ffffff","bg_color_gradient":""}},"header-04":{"type":"header-04","settings":{"header_layout_style":"style_1","menu":"main-menu","show_megamenu":true,"enable_sticky_header":true,"hide_scroll":true,"show_search":true,"show_cart":true,"show_wishlist":true,"show_customer":true,"display_vertical_menu":true,"menu_vertical":"","title_categories":"Shop All Categories","color_title_categories":"#ffffff","color_icon_title_categories":"#ffffff","bg_color_title_categories":"#ea4d3d","bg_color_gradient_title_categories":"","viewall_categories":"View All","link_viewall":"","viewall_categories_color":"#848484","border_categories":"#e8e8e8","color_menu_vertical":"#3c3c3c","color_menu_vertical_hover":"#1d5dd9","color_menu_vertical_style_3":"#000","color_menu_vertical_hover_style_3":"#ffffff","bg_menu_vertical_hover_style_3":"#fd6506","bg_gradient_menu_vertical_hover_style_3":"","display_customer_service":true,"customer_service_text":"Customer Service 091 234-ELLA","show_giftcards":true,"text_giftcards":"Gift Cards","link_giftcards":"","header_top_color":"#323232","header_top_color_2":"#232323","header_top_border_bg":"#e64a3d","header_top_bg":"#000000","header_top_bg_gradient":"","color_header_top_custom":"#06142e","bg_header_top_custom":"#f7f8fa","bg_gradient_header_top_custom":"","info_icon_1":"","info_text_1":"","info_icon_2":"","info_text_2":"","free_shipping_text":"Free Shipping Over $99*","header-link_1_text":"Theme FAQs","header-link_1":"","header-link_2_text":"Need Help?","header-link_2":"","bg_search_color":"#fafafa","search_color":"#323232","search_icon_color":"#323232","search_icon_bg_color":"#e74144","search_icon_bg_gradient_color":"","cart_color_item":"#323232","cart_bg_item":"#ffe5e8","cart_bg_gradient_item":"","display_help":false,"help_text":"Help","help_text_link":"","header_color_icon_help":"#fd6506","header_color_icon_help_line":"#dedede","header_bottom_border_bg":"#e4e4e4","header_bottom_bg":"#ffffff","header_bottom_bg_gradient":"","header_mobile_bg":"#ffffff","header_mobile_color":"#000000","header_icon_mobile_spacing":30,"header_mobile_tabs_color":"#232323","header_mobile_tabs_background":"#f7f7f7","header_mobile_tabs_color_active":"#232323","header_mobile_tabs_background_active":"#ebebeb","header_mobile_tabs_border_active":"#e64a3d","logo_text":"","logo_width":90,"logo_width_mobile":50,"logo_width_fixed":50,"logo_font_size":30,"logo_font_weight":"900","logo_text_transform":"uppercase","logo_color":"#ffffff","lv_1_color":"#000000","lv_1_color_hover":"#000000","lv_1_color_mb":"#000000","lv_2_color":"#000000","lv_2_color_hover":"#000000","lv_2_color_mb":"#000000","lv_3_color":"#000000","lv_3_color_hover":"#000000","lv_3_color_mb":"#000000","sale_item_1":"","sale_item_2":"","sale_item_3":"","sale_item_color":"#d12442","show_label":true,"show_label_blink":false,"new_label_1":"","new_label_2":"","new_label_3":"","new_label_bg":"#BAE4ED","new_label_color":"#ffffff","sale_label_1":"","sale_label_2":"","sale_label_3":"","sale_label_bg":"#D12442","sale_label_color":"#ffffff","hot_label_1":"","hot_label_2":"","hot_label_3":"","hot_label_bg":"#FFF993","hot_label_color":"#ffffff","bg_mega_menu":"#ffffff","bg_mega_menu_style_4":"#f8f8f8","az_brand_link_text_color":"#000000"}},"halo-navigation-mobile":{"type":"halo-navigation-mobile","settings":{"heading":"Menu","text_color":"#808080","bg_color":"#000000","bg_color_gradient":"","text_color_active":"#ffffff","bg_color_active":"#000000","bg_color_gradient_active":"","image_type":"jpg","image_style":"circle","show_icon":true,"icon_type":"image","icon_width":35,"icon_height":35,"show_image":true,"image_width":70,"image_height":70,"image_style_lower":"rectangle","lv_1_font":"font_1","lv_1_font_size":12,"lv_1_font_weight":"400","lv_1_text_transform":"capitalize","lv_2_font":"font_1","lv_2_font_size":12,"lv_2_font_weight":"400","lv_2_text_transform":"capitalize","lv_title_font":"font_1","lv_title_font_size":12,"lv_title_font_weight":"600","lv_title_text_transform":"uppercase","show_nav_all":false}},"halo-navigation-mobile-2":{"type":"halo-navigation-mobile-2","settings":{"heading":"Demo","text_color":"#808080","bg_color":"#000000","bg_color_gradient":"","text_color_active":"#ffffff","bg_color_active":"#000000","bg_color_gradient_active":"","image_type":"jpg","image_style":"circle","show_icon":true,"icon_type":"image","icon_width":35,"icon_height":35,"show_image":false,"image_width":70,"image_height":72,"image_style_lower":"rectangle","lv_1_font":"font_1","lv_1_font_size":12,"lv_1_font_weight":"400","lv_1_text_transform":"capitalize","lv_2_font":"font_1","lv_2_font_size":12,"lv_2_font_weight":"400","lv_2_text_transform":"capitalize","lv_title_font":"font_1","lv_title_font_size":12,"lv_title_font_weight":"600","lv_title_text_transform":"uppercase","show_nav_all":false}},"halo-navigation-mobile-3":{"type":"halo-navigation-mobile-3","settings":{"heading":"Menu","text_color":"#ffffff","bg_color":"#000000","bg_color_gradient":"","text_color_active":"#000000","bg_color_active":"#ffffff","bg_color_gradient_active":"","image_type":"jpg","image_style":"circle","show_icon":true,"icon_type":"icon","icon_width":24,"icon_height":24,"show_image":false,"image_width":60,"image_height":60,"image_style_lower":"rectangle","lv_1_font":"font_1","lv_1_font_size":15,"lv_1_font_weight":"700","lv_1_text_transform":"uppercase","lv_2_font":"font_1","lv_2_font_size":16,"lv_2_font_weight":"400","lv_2_text_transform":"capitalize","lv_title_font":"font_1","lv_title_font_size":16,"lv_title_font_weight":"400","lv_title_text_transform":"capitalize","show_nav_all":true}},"header-02":{"type":"header-02","settings":{"style_header":"style_2","menu":"main-menu","show_megamenu":false,"enable_sticky_header":true,"hide_scroll":true,"show_search":false,"show_cart":true,"show_wishlist":false,"show_customer":true,"header_top_color":"#ffffff","header_bottom_bg":"#023858","header_bottom_bg_gradient":"","bg_search_color":"#fafafa","search_color":"#323232","search_icon_color":"#323232","search_border_color":"#e7e7e7","cart_bg_item":"#02304a","cart_color_item":"#ffffff","cart_bg_item_mb":"","cart_color_item_mb":"","header_mobile_bg":"#003555","header_mobile_color":"#ffffff","header_icon_mobile_spacing":15,"logo":"shopify:\/\/shop_images\/WFX.TCPSL.HEADER-LOGO.230320-A_41f109ee-1e2d-4ad8-85d1-8172ccd54e93.png","logo_mobile":"shopify:\/\/shop_images\/WFX-PRO.ESHOP-LOGO.221108-A_185632fa-f364-4ecd-a5e6-fbbef2fc4d42.png","logo_text":"","logo_width":170,"logo_width_mobile":140,"logo_font_size":30,"logo_font_weight":"900","logo_text_transform":"uppercase","logo_color":"#02304a","enable_parallax":false,"color_sticky_parallax":"#232323","bg_sticky_parallax":"rgba(0,0,0,0)","lv_1_color":"#000000","lv_1_color_hover":"#000000","lv_1_color_mb":"#000000","lv_2_color":"#000000","lv_2_color_hover":"#000000","lv_2_color_mb":"#000000","lv_3_color":"#000000","lv_3_color_hover":"#000000","lv_3_color_mb":"#000000","sale_item_1":"","sale_item_2":"","sale_item_3":"","sale_item_color":"#d12442","show_label":true,"show_label_blink":false,"new_label_1":"","new_label_2":"","new_label_3":"","new_label_bg":"#BAE4ED","new_label_color":"#ffffff","sale_label_1":"","sale_label_2":"","sale_label_3":"","sale_label_bg":"#D12442","sale_label_color":"#ffffff","hot_label_1":"","hot_label_2":"","hot_label_3":"","hot_label_bg":"#FFF993","hot_label_color":"#ffffff","bg_mega_menu":"#ffffff","bg_mega_menu_style_4":"#f8f8f8","az_brand_link_text_color":"#000000"}},"header-03":{"type":"header-03","settings":{"menu":"main-menu","show_megamenu":true,"enable_sticky_header":true,"hide_scroll":true,"show_search":true,"show_cart":true,"show_wishlist":true,"show_customer":true,"display_customer_service":true,"customer_service_text":"Customer Service 091 234-ELLA","header_top_color":"#323232","header_top_color_3":"#232323","header_top_bg":"#000000","header_top_bg_gradient":"","header_top_text_transform":"uppercase","bg_search_color":"#fafafa","search_color":"#323232","search_icon_color":"#323232","search_border_radius":5,"cart_bg_item":"#ffe5e8","cart_color_item":"#323232","cart_item_font_size":14,"display_help":false,"help_text":"Help","help_text_link":"","header_color_icon_help":"#0a6cdc","header_color_icon_help_line":"#3e4093","header_top_color_2":"#232323","header_bottom_bg":"#ffffff","header_bottom_bg_gradient":"","header_bottom_font_size":14,"header_mobile_bg":"#ffffff","header_mobile_color":"#000000","header_icon_mobile_spacing":30,"logo_text":"","logo_width":90,"logo_width_mobile":50,"logo_width_fixed":50,"logo_font_size":30,"logo_font_weight":"900","logo_text_transform":"uppercase","logo_color":"#ffffff","lv_1_color":"#000000","lv_1_color_hover":"#000000","lv_1_color_mb":"#000000","lv_2_color":"#000000","lv_2_color_hover":"#000000","lv_2_color_mb":"#000000","lv_3_color":"#000000","lv_3_color_hover":"#000000","lv_3_color_mb":"#000000","sale_item_1":"","sale_item_2":"","sale_item_3":"","sale_item_color":"#d12442","show_label":true,"show_label_blink":false,"new_label_1":"","new_label_2":"","new_label_3":"","new_label_bg":"#BAE4ED","new_label_color":"#ffffff","sale_label_1":"","sale_label_2":"","sale_label_3":"","sale_label_bg":"#D12442","sale_label_color":"#ffffff","hot_label_1":"","hot_label_2":"","hot_label_3":"","hot_label_bg":"#FFF993","hot_label_color":"#ffffff","bg_mega_menu":"#ffffff","bg_mega_menu_style_4":"#f8f8f8","az_brand_link_text_color":"#000000"}},"footer-02":{"type":"footer-02","blocks":{"footer-02-0":{"type":"link_list","settings":{"custom_width":"20","heading":"Quick links","menu":"footer"}}},"block_order":["footer-02-0"],"settings":{"enable_border_footer_top":false,"border_footer_top_color":"#282828","pdtop_footer_top":50,"pdbottom_footer_top":50,"footer_top_bg":"#000000","footer_top_bg_gradient":"","show_footer_top_bg_img":false,"footer_top_bg_position_x":"center","footer_top_bg_position_y":"center","footer_top_bg_repeat":"no-repeat","footer_top_bg_attachment":"fixed","footer_top_bg_size":"contain","footer_top_text_align":"left","footer_top_title_color":"#ffffff","footer_top_color_link":"#ffffff","footer_top_color_link_hover":"#ffffff","policy_margin_bottom":45,"policies_block_border_radius":30,"policies_block_swipe_on_mobile":"slider","bg_color_block":"#f8f8f8","border_block":"#f8f8f8","color_block":"#232323","show_social":true,"social_icon_width":12,"social_color":"#282828","social_border_color":"#ffffff","social_background_color":"#ffffff","social_hover_color":"#ffffff","pdtop_footer_bottom":50,"pdbottom_footer_bottom":50,"border_top":true,"footer_bottom_color":"#808080","border_top_color":"#282828","footer_bottom_bg":"#141414","footer_bottom_bg_gradient":"","show_copyright":true,"enable_layout_grid":true,"copyright_content":"","show_payment":true,"payment_margin_top":0,"heading_payment":"","payment_type":"custom","show_payment_visa":false,"show_payment_master":false,"show_payment_maestro":false,"show_payment_american_express":false,"show_payment_apple_pay":false,"show_payment_bitcoin":false,"show_payment_dankort":false,"show_payment_diners_club":false,"show_payment_discover":false,"show_payment_paypal":false,"show_payment_dogecoin":false,"show_payment_dwolla":false,"show_payment_forbrugsforeningen":false,"show_payment_jcb":false,"show_payment_litecoin":false,"show_payment_afterpay":false,"show_payment_google_pay":false,"show_payment_ideal":false,"show_payment_klarna":false,"show_payment_klarna-pay-later":false,"show_payment_shopify_pay":false,"show_payment_sofort":false}},"header-05":{"type":"header-05","settings":{"menu":"main-menu","show_megamenu":true,"enable_sticky_header":true,"hide_scroll":true,"show_search":true,"show_cart":true,"show_wishlist":true,"show_customer":true,"display_customer_service":true,"customer_service_text":"Customer Service 091 234-ELLA","header_top_color":"#323232","header_top_color_2":"#232323","header_top_bg":"#000000","header_top_bg_gradient":"","bg_search_color":"#fafafa","search_color":"#323232","search_icon_color":"#323232","search_border_color":"#e7e7e7","cart_bg_item":"#FFE5E8","cart_color_item":"#323232","header_bottom_bg":"#FFFFFF","header_bottom_bg_gradient":"","header_mobile_bg":"#FFFFFF","header_mobile_color":"#000000","header_icon_mobile_spacing":30,"logo_text":"","logo_width":90,"logo_width_mobile":50,"logo_width_fixed":50,"logo_font_size":30,"logo_font_weight":"900","logo_text_transform":"uppercase","logo_color":"#FFFFFF","enable_parallax":false,"color_sticky_parallax":"#232323","bg_sticky_parallax":"#fff","lv_1_color":"#000000","lv_1_color_hover":"#000000","lv_1_color_mb":"#000000","lv_2_color":"#000000","lv_2_color_hover":"#000000","lv_2_color_mb":"#000000","lv_3_color":"#000000","lv_3_color_hover":"#000000","lv_3_color_mb":"#000000","sale_item_1":"","sale_item_2":"","sale_item_3":"","sale_item_color":"#D12442","show_label":true,"show_label_blink":false,"new_label_1":"","new_label_2":"","new_label_3":"","new_label_bg":"#BAE4ED","new_label_color":"#FFFFFF","sale_label_1":"","sale_label_2":"","sale_label_3":"","sale_label_bg":"#D12442","sale_label_color":"#FFFFFF","hot_label_1":"","hot_label_2":"","hot_label_3":"","hot_label_bg":"#FFF993","hot_label_color":"#FFFFFF","bg_mega_menu":"#fff","bg_mega_menu_style_4":"#f8f8f8","az_brand_link_text_color":"#000"}},"header-06":{"type":"header-06","settings":{"header_style":"style_1","menu":"main-menu","grid_gap_menu":20,"show_megamenu":true,"enable_sticky_header":true,"hide_scroll":true,"show_search":true,"show_cart":true,"show_wishlist":true,"show_customer":true,"bg_tab_home":"#000","bg_tab_home_gradient":"","tab_font_size":16,"tab_font_size_mb":13,"tab_font_weight":"400","tab_font_weight_mb":"600","padding_vertical":18,"padding_hozi":21,"padding_vertical_mb":13,"padding_hozi_mb":23,"enable_separation_tab":true,"color_border_separation":"#4d4d4d","customer_service_text":"Available 24\/7 at <a href=\"tel:(018)%20900-6690\/\">(018) 900-6690<\/a>","font_size_customer":14,"ask_an_expert":true,"ask_an_expert_title":"","ask_an_expert_desc":"","ask_an_expert_button":"","ask_an_expert_text":"","contact_us":true,"contact_us_title":"","contact_us_desc":"","contact_us_button":"","contact_us_link":"","header_top_color":"#323232","header_bottom_bg":"#FFFFFF","header_bottom_bg_gradient":"","style_search":"style1","input_font_size":16,"input_font_weight":"400","input_text_transform":"none","search_input_color":"#828282","search_input_bg_color":"#fff","search_input_border":"#e5e5e5","search_button_color":"#fff","search_button_border":"#000","search_button_bg_color":"#000","search_button_bg_color_gradient":"","cart_bg_item":"#FFE5E8","cart_color_item":"#323232","cart_bg_item_mb":"","cart_color_item_mb":"","header_mobile_bg":"#FFFFFF","header_mobile_color":"#000000","header_icon_mobile_spacing":30,"logo_text":"","logo_width":90,"logo_width_mobile":50,"logo_font_size":30,"logo_font_weight":"900","logo_text_transform":"uppercase","logo_color":"#FFFFFF","lv_1_color":"#000000","lv_1_color_hover":"#000000","lv_1_color_mb":"#000000","lv_2_color":"#000000","lv_2_color_hover":"#000000","lv_2_color_mb":"#000000","lv_3_color":"#000000","lv_3_color_hover":"#000000","lv_3_color_mb":"#000000","sale_item_1":"","sale_item_2":"","sale_item_3":"","sale_item_color":"#D12442","show_label":true,"show_label_blink":false,"new_label_1":"","new_label_2":"","new_label_3":"","new_label_bg":"#BAE4ED","new_label_color":"#FFFFFF","sale_label_1":"","sale_label_2":"","sale_label_3":"","sale_label_bg":"#D12442","sale_label_color":"#FFFFFF","hot_label_1":"","hot_label_2":"","hot_label_3":"","hot_label_bg":"#FFF993","hot_label_color":"#FFFFFF","bg_mega_menu":"#fff","bg_mega_menu_style_4":"#f8f8f8","az_brand_link_text_color":"#000"}},"header-07":{"type":"header-07","settings":{"menu":"main-menu","show_megamenu":true,"enable_sticky_header":true,"hide_scroll":true,"show_search":true,"show_cart":true,"show_wishlist":true,"show_customer":true,"customer_text_01":"Available 24\/7 at <a href=\"tel:(018)%20900-6690\/\">(018) 900-6690<\/a>","customer_text_02":"First purchase offer: take 30% off shopwide. <b>Code applied at checkout. Exclusion apply*<\/b>","header_top_color":"#fff","header_top_color_2":"#cad3f1","header_top_bg":"#293355","header_top_bg_gradient":"","customer_text_03":"<a href=\"https:\/\/1.envato.market\/dokaB20\/\"><span>Get Ella<b>Only $89<\/b><\/span><\/a>","header_middle_color":"#ba7a2d","header_middle_color_2":"#202020","header_middle_bg":"#fff","header_middle_bg_gradient":"","header_bottom_color":"#202020","header_bottom_border_color":"#e6e6e6","header_bottom_bg":"#FFFFFF","header_bottom_bg_gradient":"","bg_search_color":"#fafafa","search_color":"#323232","search_icon_color":"#323232","cart_bg_item":"#FFE5E8","cart_color_item":"#323232","header_mobile_bg":"#FFFFFF","header_mobile_color":"#000000","header_icon_mobile_spacing":30,"logo_text":"","logo_width":90,"logo_width_mobile":50,"logo_width_fixed":50,"logo_font_size":30,"logo_font_weight":"900","logo_text_transform":"uppercase","logo_color":"#FFFFFF","lv_1_color":"#000000","lv_1_color_hover":"#000000","lv_1_color_mb":"#000000","lv_2_color":"#000000","lv_2_color_hover":"#000000","lv_2_color_mb":"#000000","lv_3_color":"#000000","lv_3_color_hover":"#000000","lv_3_color_mb":"#000000","sale_item_1":"","sale_item_2":"","sale_item_3":"","sale_item_color":"#D12442","show_label":true,"show_label_blink":false,"new_label_1":"","new_label_2":"","new_label_3":"","new_label_bg":"#BAE4ED","new_label_color":"#FFFFFF","sale_label_1":"","sale_label_2":"","sale_label_3":"","sale_label_bg":"#D12442","sale_label_color":"#FFFFFF","hot_label_1":"","hot_label_2":"","hot_label_3":"","hot_label_bg":"#FFF993","hot_label_color":"#FFFFFF","bg_mega_menu":"#fff","bg_mega_menu_style_4":"#f8f8f8","az_brand_link_text_color":"#000"}},"header-08":{"type":"header-08","settings":{"menu":"main-menu","show_megamenu":true,"enable_sticky_header":true,"hide_scroll":true,"show_search":true,"show_cart":true,"show_wishlist":true,"show_customer":true,"display_customer_service":true,"customer_service_text":"Customer Service 091 234-ELLA","header_top_color":"#323232","header_top_color_3":"#232323","header_top_bg":"#000000","header_top_bg_gradient":"","bg_search_color":"#fafafa","search_color":"#323232","search_icon_color":"#323232","search_border_radius":5,"cart_bg_item":"#FFE5E8","cart_color_item":"#323232","cart_item_font_size":14,"header_bottom_bg":"#FFFFFF","header_bottom_bg_gradient":"","header_bottom_font_size":14,"header_mobile_bg":"#FFFFFF","header_mobile_color":"#000000","header_icon_mobile_spacing":30,"logo_text":"","logo_width":90,"logo_width_mobile":50,"logo_width_fixed":50,"logo_font_size":30,"logo_font_weight":"900","logo_text_transform":"uppercase","logo_color":"#FFFFFF","lv_1_color":"#000000","lv_1_color_hover":"#000000","lv_1_color_mb":"#000000","lv_2_color":"#000000","lv_2_color_hover":"#000000","lv_2_color_mb":"#000000","lv_3_color":"#000000","lv_3_color_hover":"#000000","lv_3_color_mb":"#000000","sale_item_1":"","sale_item_2":"","sale_item_3":"","sale_item_color":"#D12442","show_label":true,"show_label_blink":false,"new_label_1":"","new_label_2":"","new_label_3":"","new_label_bg":"#BAE4ED","new_label_color":"#FFFFFF","sale_label_1":"","sale_label_2":"","sale_label_3":"","sale_label_bg":"#D12442","sale_label_color":"#FFFFFF","hot_label_1":"","hot_label_2":"","hot_label_3":"","hot_label_bg":"#FFF993","hot_label_color":"#FFFFFF","bg_mega_menu":"#fff","bg_mega_menu_style_4":"#f8f8f8","az_brand_link_text_color":"#000"}},"header-09":{"type":"header-09","settings":{"menu":"main-menu","show_megamenu":true,"enable_sticky_header":true,"hide_scroll":true,"show_search":false,"show_cart":true,"show_wishlist":true,"show_customer":true,"header_top_color":"#323232","header_bottom_bg":"#003555","header_bottom_bg_gradient":"","bg_search_color":"#fafafa","search_color":"#323232","search_icon_color":"#323232","search_border_color":"#e7e7e7","cart_bg_item":"#FFE5E8","cart_color_item":"#323232","cart_bg_item_mb":"","cart_color_item_mb":"","header_mobile_bg":"#FFFFFF","header_mobile_color":"#000000","header_icon_mobile_spacing":30,"logo_text":"","logo_width":90,"logo_width_mobile":50,"logo_position":"middle-center","logo_font_size":30,"logo_font_weight":"900","logo_text_transform":"uppercase","logo_color":"#FFFFFF","lv_1_color":"#000000","lv_1_color_hover":"#000000","lv_1_color_mb":"#000000","lv_2_color":"#000000","lv_2_color_hover":"#000000","lv_2_color_mb":"#000000","lv_3_color":"#000000","lv_3_color_hover":"#000000","lv_3_color_mb":"#000000","sale_item_1":"","sale_item_2":"","sale_item_3":"","sale_item_color":"#D12442","show_label":true,"show_label_blink":false,"new_label_1":"","new_label_2":"","new_label_3":"","new_label_bg":"#BAE4ED","new_label_color":"#FFFFFF","sale_label_1":"","sale_label_2":"","sale_label_3":"","sale_label_bg":"#D12442","sale_label_color":"#FFFFFF","hot_label_1":"","hot_label_2":"","hot_label_3":"","hot_label_bg":"#FFF993","hot_label_color":"#FFFFFF","bg_mega_menu":"#fff","bg_mega_menu_style_4":"#f8f8f8","az_brand_link_text_color":"#000"}},"header-10":{"type":"header-10","settings":{"menu":"main-menu","menu_custom":"","show_megamenu":false,"enable_sticky_header":true,"hide_scroll":true,"show_search":false,"show_cart":true,"show_customer":true,"show_social":false,"header_top_color":"#323232","header_top_bg":"#000000","header_top_bg_gradient":"","language_currency_bg":"#DDBDB0","language_currency_color":"#323232","cart_bg_item":"#DDBDB0","cart_color_item":"#323232","cart_item_font_size":14,"header_bottom_bg":"#FFFFFF","header_bottom_bg_gradient":"","header_bottom_color":"#26292d","header_bottom_font_size":14,"header_bottom_font_weight":"400","header_bottom_text_transform":"uppercase","header_bottom_letter_spacing":".02em","header_mobile_bg":"#FFFFFF","header_mobile_color":"#000000","header_icon_mobile_spacing":30,"logo_text":"","logo_width":90,"logo_width_mobile":50,"logo_position":"middle-center","logo_font_size":30,"logo_font_weight":"900","logo_text_transform":"uppercase","logo_color":"#FFFFFF","search_color":"#323232","search_icon_color":"#323232","lv_1_color":"#000000","lv_1_color_hover":"#000000","lv_1_color_mb":"#000000","lv_2_color":"#000000","lv_2_color_hover":"#000000","lv_2_color_mb":"#000000","lv_3_color":"#000000","lv_3_color_hover":"#000000","lv_3_color_mb":"#000000","sale_item_1":"","sale_item_2":"","sale_item_3":"","sale_item_color":"#D12442","show_label":true,"show_label_blink":false,"new_label_1":"","new_label_2":"","new_label_3":"","new_label_bg":"#BAE4ED","new_label_color":"#FFFFFF","sale_label_1":"","sale_label_2":"","sale_label_3":"","sale_label_bg":"#D12442","sale_label_color":"#FFFFFF","hot_label_1":"","hot_label_2":"","hot_label_3":"","hot_label_bg":"#FFF993","hot_label_color":"#FFFFFF","bg_mega_menu":"#fff","bg_mega_menu_style_4":"#f8f8f8","az_brand_link_text_color":"#000"}},"footer-03":{"type":"footer-03","blocks":{"footer-03-0":{"type":"link_list","settings":{"custom_width":"20","heading":"Quick links","menu":"footer"}}},"block_order":["footer-03-0"],"settings":{"bg_color_promotion":"#1e1e1e","content_text":"Be the first to know about our new collections, exclusive promotions and more.","color_content_text":"#ffffff","button_text_register":"Sign Up","button_link_register":"","button_color_register":"#ffffff","button_color_border_register":"#ffffff","button_color_bg_register":"#232323","button_color_bg_gradient_register":"","button_color_hover_register":"#ffffff","button_color_border_hover_register":"#ffffff","button_color_bg_hover_register":"#232323","button_color_bg_gradient_hover_register":"","enable_border_footer_top":false,"border_footer_top_color":"#282828","pdtop_footer_top":50,"pdbottom_footer_top":50,"footer_top_bg":"#000000","footer_top_bg_gradient":"","show_footer_top_bg_img":false,"footer_top_bg_position_x":"center","footer_top_bg_position_y":"center","footer_top_bg_repeat":"no-repeat","footer_top_bg_attachment":"fixed","footer_top_bg_size":"contain","footer_top_text_align":"left","footer_top_title_color":"#ffffff","footer_top_color_link":"#ffffff","footer_top_color_link_hover":"#ffffff","social_heading":"","show_social":true,"social_margin_top":35,"social_icon_width":12,"social_icon_padding":12,"social_icon_border_width":1,"social_icon_margin_right":15,"social_position":"4","column_reverse":false,"social_color":"#282828","social_border_color":"#ffffff","social_background_color":"#ffffff","social_background_color_gradient":"","social_color_hover":"#282828","social_border_color_hover":"#ffffff","social_background_color_hover":"#ffffff","social_background_color_gradient_hover":"","social_box_hover_color":"#ffffff","enable_trust":false,"margin_top_image_trust":60,"trust_position":"full","image_trust_align":"center","pdtop_footer_bottom":50,"pdbottom_footer_bottom":50,"border_top":true,"footer_bottom_color":"#808080","border_top_color":"#282828","footer_bottom_bg":"#141414","footer_bottom_bg_gradient":"","show_copyright":true,"enable_layout_grid":true,"copyright_content":"","show_payment":true,"payment_margin_top":0,"heading_payment":"","payment_position":"7","payment_type":"custom","show_payment_visa":false,"show_payment_master":false,"show_payment_maestro":false,"show_payment_american_express":false,"show_payment_apple_pay":false,"show_payment_bitcoin":false,"show_payment_dankort":false,"show_payment_diners_club":false,"show_payment_discover":false,"show_payment_paypal":false,"show_payment_dogecoin":false,"show_payment_dwolla":false,"show_payment_forbrugsforeningen":false,"show_payment_jcb":false,"show_payment_litecoin":false,"show_payment_afterpay":false,"show_payment_google_pay":false,"show_payment_ideal":false,"show_payment_klarna":false,"show_payment_klarna-pay-later":false,"show_payment_shopify_pay":false,"show_payment_sofort":false}},"password-page-1":{"type":"password-page-1","settings":{"background_color":"","brand_type":"text","brand_text":"","brand_logo_font_size":30,"logo_color":"#023858","brand_logo_width":65,"banner_color":"#FFFFFF","show_newsletter":true,"title":"Our store will be opening soon","title_font_size":24,"title_font_size_mb":24,"title_color":"#FFFFFF","subtitle":"","subtitle_font_size":12,"subtitle_color":"#FFFFFF","input_color":"#023858","terms_text_color":"#023858","terms_link_color":"#023858","btn":"1","show_social_media":false,"social_media_color":"#FFFFFF","show_copyright":false,"copyright_content":"","copyright_color":"#023858"}}},"content_for_index":[],"blocks":{"6588702529468458379":{"type":"shopify:\/\/apps\/ecomposer-landing-page-builder\/blocks\/app-embed\/a0fc26e1-7741-4773-8b27-39389b4fb4a0","disabled":false,"settings":{}}}}}