{"sections":{"main":{"type":"main-cart","settings":{"show_breadcrumb":false,"breadcrumb_color":"#023858","breadcrumb_alignment":"center","show_page_title":true,"page_title_color":"#023858","page_title_alignment":"center","container":"container","side_padding_full_width":0,"mg_top_desktop":25,"mg_top_tablet":25,"mg_top_mobile":25,"mg_bottom_desktop":25,"mg_bottom_tablet":25,"mg_bottom_mobile":25,"show_vendor":true,"image_ratio":"square","portrait_aspect_ratio":101,"show_cart_countdown":false,"cart_countdown_time":40,"show_trust_image":false,"continue_button_action":"1","custom_button_link":"https:\/\/wogamifx.com\/"}}},"order":["main"]}