{"sections":{"9e0531d0-9e59-4bfd-a6ac-e255348babb7":{"type":"image-banner","blocks":{"d6e5badb-158d-439d-9df5-16f6e6b54ba4":{"type":"specialImg","settings":{"row_reverse":false,"image":"shopify:\/\/shop_images\/WFX.TCPSL.ESHOP-BOX-RECT-SLIM.221111-A.png","mobile_image":"shopify:\/\/shop_images\/WFX-TCPSL.COVER-RECT.221110-A.jpg","width_banner":44,"display_countdown":false,"title":"","title_font_size":40,"title_font_size_mb":20,"title_font_weight":"700","mg_bottom_title":0,"title_color":"#ffffff","des":"","des_font_size":12,"des_font_size_mb":12,"des_font_weight":"400","mg_bottom_des":0,"text_color":"#ffffff","countdown":"2023\/01\/7 0:0:00","item_countdown_width":100,"item_countdown_height":100,"item_countdown_gap":7,"item_countdown_radius":50,"border_countdown_color":"#ffffff","countdown_background":"","countdown_background_gradient":"","opacity_background":0.8,"num_font_size":20,"num_font_size_mb":16,"num_font_weight":"400","num_color":"#ffffff","text_time_font_size":12,"text_time_font_size_mb":12,"text_time_font_weight":"400","text_time_color":"#ffffff","sub_title":"The Complete Paragliding Sound Library","letter_spacing_sub_title":"","font_size_sub_title":23,"font_size_sub_title_mb":21,"margin_bottom_sub_title":25,"font_weight_sub_title":"600","sub_title_position":"sub_title_below","color_sub_title":"#ffffff","heading":"","letter_spacing_heading":"","font_size_heading":30,"font_size_heading_mb":24,"margin_bottom_heading":0,"color_heading":"rgba(0,0,0,0)","text":"Whether you are sound designing for films, documentaries, video games, YouTube or Instagram, this collection will take your soundtrack off the ground and bring your story to <br>the next level. Sky is the limit.","font_size_des":16,"font_size_des_mb":16,"line_height_des":26,"margin_bottom_des":35,"color_des":"#ffffff","content_width":550,"align":"center","border_color":"rgba(0,0,0,0)","bg_color":"","bg_color_gradient":"","video_link":"","adaptive_height_video":"56","color_icon":"#ffffff","bg_color_icon":"#000000","btn_text":"Get it Now!","button_style":"style1","link":"shopify:\/\/products\/the-complete-paragliding-sound-library","button_1_width":205,"enable_button_custom_border":false,"button_color":"#ffffff","button_border":"#b05d5d","button_background":"#b05d5d","button_background_gradient":"","button_color_hover":"#b05d5d","button_border_hover":"#b05d5d","button_background_hover":"#ffffff","button_background_gradient_hover":""}}},"block_order":["d6e5badb-158d-439d-9df5-16f6e6b54ba4"],"settings":{"container":"1170","padding_full_width":0,"mg_top_desktop":80,"mg_top_tablet":35,"mg_top_mobile":25,"mg_bottom_desktop":20,"mg_bottom_tablet":10,"mg_bottom_mobile":0,"image_banner_title":"","enable_border_title":false,"color_title":"#202020","fontsize_title":24,"fontsize_title_mb":20,"margin_bottom_title":25,"image_banner_des":"","color_des":"#202020","fontsize_des":16,"title_align":"center","style_bg":"none","bg_color":"rgba(0,0,0,0)","bg_color_gradient":"","bg_image":"shopify:\/\/shop_images\/WFX.TCPSL.MAIN-BANNER-04.221112-B.jpg","display_type":"list","list_gap":25,"enable_arrows":false,"arrows_position":"","enable_dots":false,"enable_autoplay":false}},"8a473f59-f40b-47e1-870f-00d21033eb47":{"type":"custom-service-block","blocks":{"4a342dc9-cf10-4993-a82d-199b90ffe842":{"type":"Text","settings":{"bg_color_block":"rgba(0,0,0,0)","border_block":"rgba(0,0,0,0)","icon_type":"text","icon":"","width_icon":64,"height_icon":64,"mg_bottom_icon":45,"color_icon":"#3c3c3c","text":"AUDIO FILES","type_tab_font":"font_1","fontsize_title_block":16,"fontsize_title_block_mb":16,"title_block_font_weight":"700","mg_bottom_title":0,"mg_bottom_title_mb":0,"color_block":"#ffffff","description":"232 files | 336 min | 5.5 GB","fontsize_des_block":16,"fontsize_des_block_mb":16,"lineheight_des_block":22,"mg_bottom_des":0,"color_des_block":"#ffffff","button":"","link":"","button_style":"style1","fontsize_button":14,"button_width":235,"fontweight_button":"500","enable_underline_button":false,"color_button":"#ba7a2d","button_border":"","button_background":"","button_background_gradient":"","button_color_hover":"#ba7a2d","button_border_hover":"","button_background_hover":"","button_background_gradient_hover":""}},"e9eab0cd-55da-487e-8849-101dd40fb3b7":{"type":"Text","settings":{"bg_color_block":"rgba(0,0,0,0)","border_block":"rgba(0,0,0,0)","icon_type":"text","icon":"","width_icon":64,"height_icon":64,"mg_bottom_icon":45,"color_icon":"#3c3c3c","text":"TRACKS","type_tab_font":"font_1","fontsize_title_block":16,"fontsize_title_block_mb":16,"title_block_font_weight":"700","mg_bottom_title":0,"mg_bottom_title_mb":0,"color_block":"#ffffff","description":"Stereo & Mono | 48 kHz | 24 bits","fontsize_des_block":16,"fontsize_des_block_mb":16,"lineheight_des_block":22,"mg_bottom_des":0,"color_des_block":"#ffffff","button":"","link":"","button_style":"style1","fontsize_button":14,"button_width":235,"fontweight_button":"500","enable_underline_button":false,"color_button":"#ba7a2d","button_border":"","button_background":"","button_background_gradient":"","button_color_hover":"#ba7a2d","button_border_hover":"","button_background_hover":"","button_background_gradient_hover":""}},"882e6dc5-f38d-4fbe-9cb4-d28915275cc5":{"type":"Text","settings":{"bg_color_block":"rgba(0,0,0,0)","border_block":"rgba(0,0,0,0)","icon_type":"text","icon":"","width_icon":64,"height_icon":64,"mg_bottom_icon":45,"color_icon":"#3c3c3c","text":"METADATAS","type_tab_font":"font_1","fontsize_title_block":16,"fontsize_title_block_mb":16,"title_block_font_weight":"700","mg_bottom_title":0,"mg_bottom_title_mb":0,"color_block":"#ffffff","description":"UCS Standard | PDF & XLS","fontsize_des_block":16,"fontsize_des_block_mb":16,"lineheight_des_block":22,"mg_bottom_des":0,"color_des_block":"#ffffff","button":"","link":"","button_style":"style1","fontsize_button":14,"button_width":235,"fontweight_button":"500","enable_underline_button":false,"color_button":"#ba7a2d","button_border":"","button_background":"","button_background_gradient":"","button_color_hover":"#ba7a2d","button_border_hover":"","button_background_hover":"","button_background_gradient_hover":""}}},"block_order":["4a342dc9-cf10-4993-a82d-199b90ffe842","e9eab0cd-55da-487e-8849-101dd40fb3b7","882e6dc5-f38d-4fbe-9cb4-d28915275cc5"],"settings":{"container":"1170","padding_full_width":0,"display_border_top":false,"display_border_bottom":false,"border_color":"#ffffff","service_block_swipe_on_mobile":"slider","color_icon_slider":"#ffffff","service_block_style":"style_1","mg_top_desktop":0,"mg_top_tablet":0,"mg_top_mobile":0,"mg_bottom_desktop":0,"mg_bottom_tablet":0,"mg_bottom_mobile":0,"policies_bg":"#02304a","policies_bg_gradient":"","service_block_title":"","enable_border_title":false,"color_title":"#ffffff","fontsize_title":30,"fontsize_title_mb":22,"mg_bottom_title_service_block":0,"mg_bottom_title_service_block_mb":0,"service_block_des":"","service_block_des_pos":"top","color_des":"#000000","fontsize_des":16,"mg_top_service_block_des":0,"mg_bottom_service_block_des":0,"view_all":"","view_all_align":"left","font_weight_view_all":"400","mg_top_view":0,"mg_bottom_view":0,"enable_border_view_all":false,"link_view_all":"","color_view_all":"#000000","icon_view_all":"","color_view_all_icon":"#eb492f","title_align":"center","item_width":"full_width","border_item":"none","enable_item_distance":false,"enable_hover_box_shadow":false,"enable_hover_effects_top":false,"item_padding_top":0,"item_padding_bottom":0,"item_padding_left_right":0,"item_radius":0,"grid_gap":5}},"ed402072-13b5-4edf-a877-f095df815b5d":{"type":"slide-show","blocks":{"template--16860770599221__ed402072-13b5-4edf-a877-f095df815b5d-1667942215818aadcf-0":{"type":"image","settings":{"image_slide":"shopify:\/\/shop_images\/WFX-TCPSL.ESHOP-GALLERY-01.221110-D.jpg","image_slide_mb":"shopify:\/\/shop_images\/WFX.ESHOP-MOBILE.GALLERY-01.221110-A_4054fc86-8462-4ed2-a2e8-032a210c3bcf.jpg","alignment":"left","enable_custom_position":false,"custom_horizontal":"","custom_vertical":"","enable_position_outside_image":false,"text_alignment":"center","enable_border_line":false,"padding_vertical":0,"content_width":390,"bg_color_content":"","border_color_content":"","profile_name":"","profile_name_color":"","profile_name_fs":10,"profile_name_fs_mb":10,"profile_name_fw":"normal","profile_title":"","profile_title_color":"","profile_title_fs":10,"profile_title_fs_mb":10,"profile_title_fw":"normal","profile_spacing_bottom":50,"sub_heading":"","letter_spacing_sub_title":"","font_size_sub_heading":10,"sub_heading_spacing_bottom":0,"font_weight_sub_heading":"400","border_sub_heading":"none","sub_title_position":"sub_title_above","color_sub_heading":"#ffffff","heading":"16 acrobatic tricks","letter_spacing_heading":"","enable_border_heading":false,"font_style_heading":"normal","font_size_heading":23,"line_height_heading":23,"heading_spacing_bottom":0,"color_heading":"#ffffff","slide-des":"performed by Théo de Blic","font_size_des":16,"des_spacing_bottom":35,"color_des":"#ffffff","sub_heading_mb":"spacing::hidden word for spacing::hidden word for spacing::hidden word for spacing::hidden wo::hidden word for spacing::hidden word for spacing::hidden word for spacing::hidden word for spacing::hidden word for spacing::hidden word for spacing::hidden word for spacing::hidden word for spacing::hidden word for spacing::hidden word for spacing::hidden word for spacing::hidden word for spacing::hidden word for spacing::hidden word for spacing::hidden word for spacing::hidden word for spacing::hidden word for spacing::hidden word for spacing::hidden word for spacing::hidden word for spacing::hidden word for spacing::hidden word for spacing::hidden word for spacingrd for spacing::hidden word for spacing","font_size_sub_heading_mb":100,"sub_heading_spacing_bottom_mb":100,"font_weight_sub_heading_mb":"400","border_sub_heading_mb":"none","color_sub_heading_mb":"rgba(0,0,0,0)","heading_mb":"16 acrobatics tricks","font_style_heading_mb":"normal","font_size_heading_mb":18,"line_height_heading_mb":18,"heading_spacing_bottom_mb":0,"color_heading_mb":"#003555","slide-des-mb":"performed by Theo de Blic","font_size_des_mb":16,"des_spacing_bottom_mb":0,"color_des_mb":"#003555","enable_icon_button":false,"button_slide":"","link":"","button_slide_2":"","link_2":"","min_width_banner_button":270,"color_button":"#ffffff","border_button":"#232323","bg_button":"#232323","bg_button_gradient":"","color_button_hover":"#ffffff","border_button_hover":"#232323","bg_button_hover":"#232323","bg_button_gradient_hover":"","lb_product_1":"","top_position_1":"10","left_position_1":"10","dots_color_1":"#ffffff","dots_bg_color_1":"#232323","dots_shadow_color_1":"#232323","lb_product_2":"","top_position_2":"10","left_position_2":"10","dots_color_2":"#ffffff","dots_bg_color_2":"#232323","dots_shadow_color_2":"#232323","lb_product_3":"","top_position_3":"10","left_position_3":"10","dots_color_3":"#ffffff","dots_bg_color_3":"#232323","dots_shadow_color_3":"#232323"}},"28eb2b5f-c49e-4401-a31c-e6a934f1278e":{"type":"image","disabled":true,"settings":{"image_slide":"shopify:\/\/shop_images\/WFX-TCPSL.ESHOP-GALLERY-02.221110-F_22dad3ae-9bdc-4120-9bf9-b360f399f4e7.jpg","alignment":"right","enable_custom_position":false,"custom_horizontal":"","custom_vertical":"","enable_position_outside_image":false,"text_alignment":"center","enable_border_line":false,"padding_vertical":0,"content_width":450,"bg_color_content":"","border_color_content":"","profile_name":"","profile_name_color":"","profile_name_fs":20,"profile_name_fs_mb":20,"profile_name_fw":"normal","profile_title":"","profile_title_color":"","profile_title_fs":20,"profile_title_fs_mb":20,"profile_title_fw":"normal","profile_spacing_bottom":10,"sub_heading":"","letter_spacing_sub_title":"","font_size_sub_heading":100,"sub_heading_spacing_bottom":100,"font_weight_sub_heading":"400","border_sub_heading":"none","sub_title_position":"sub_title_above","color_sub_heading":"#ffffff","heading":"16 straight & thermal flight","letter_spacing_heading":"","enable_border_heading":false,"font_style_heading":"normal","font_size_heading":23,"line_height_heading":23,"heading_spacing_bottom":0,"color_heading":"#ffffff","slide-des":"on-board sequences","font_size_des":16,"des_spacing_bottom":35,"color_des":"#ffffff","sub_heading_mb":"","font_size_sub_heading_mb":20,"sub_heading_spacing_bottom_mb":20,"font_weight_sub_heading_mb":"400","border_sub_heading_mb":"none","color_sub_heading_mb":"#ffffff","heading_mb":"","font_style_heading_mb":"normal","font_size_heading_mb":24,"line_height_heading_mb":24,"heading_spacing_bottom_mb":8,"color_heading_mb":"#ffffff","slide-des-mb":"Quisquemos sodales suscipit tortor ditaemcos condimentum de cosmo lacus meleifend menean diverra loremous.","font_size_des_mb":12,"des_spacing_bottom_mb":35,"color_des_mb":"#ffffff","enable_icon_button":false,"button_slide":"","link":"","button_slide_2":"","link_2":"","min_width_banner_button":270,"color_button":"#ffffff","border_button":"#232323","bg_button":"#232323","bg_button_gradient":"","color_button_hover":"#ffffff","border_button_hover":"#232323","bg_button_hover":"#232323","bg_button_gradient_hover":"","lb_product_1":"","top_position_1":"10","left_position_1":"10","dots_color_1":"#ffffff","dots_bg_color_1":"#232323","dots_shadow_color_1":"#232323","lb_product_2":"","top_position_2":"10","left_position_2":"10","dots_color_2":"#ffffff","dots_bg_color_2":"#232323","dots_shadow_color_2":"#232323","lb_product_3":"","top_position_3":"10","left_position_3":"10","dots_color_3":"#ffffff","dots_bg_color_3":"#232323","dots_shadow_color_3":"#232323"}},"0b8771c8-5faa-4822-bb47-7fff32c6372d":{"type":"image","disabled":true,"settings":{"image_slide":"shopify:\/\/shop_images\/WFX-TCPSL.ESHOP-GALLERY-03.221110-B_3c37dabb-1dd7-4d1f-9d96-3e9b73544985.jpg","alignment":"left","enable_custom_position":false,"custom_horizontal":"","custom_vertical":"","enable_position_outside_image":false,"text_alignment":"center","enable_border_line":false,"padding_vertical":0,"content_width":450,"bg_color_content":"","border_color_content":"","profile_name":"","profile_name_color":"","profile_name_fs":20,"profile_name_fs_mb":20,"profile_name_fw":"normal","profile_title":"","profile_title_color":"","profile_title_fs":20,"profile_title_fs_mb":20,"profile_title_fw":"normal","profile_spacing_bottom":50,"sub_heading":"","letter_spacing_sub_title":"","font_size_sub_heading":30,"sub_heading_spacing_bottom":20,"font_weight_sub_heading":"400","border_sub_heading":"none","sub_title_position":"sub_title_above","color_sub_heading":"#ffffff","heading":"22 take-offs","letter_spacing_heading":"","enable_border_heading":false,"font_style_heading":"normal","font_size_heading":23,"line_height_heading":23,"heading_spacing_bottom":0,"color_heading":"#ffffff","slide-des":"in close perspective","font_size_des":16,"des_spacing_bottom":35,"color_des":"#ffffff","sub_heading_mb":"","font_size_sub_heading_mb":20,"sub_heading_spacing_bottom_mb":20,"font_weight_sub_heading_mb":"400","border_sub_heading_mb":"none","color_sub_heading_mb":"#ffffff","heading_mb":"Cosmopolis","font_style_heading_mb":"normal","font_size_heading_mb":24,"line_height_heading_mb":24,"heading_spacing_bottom_mb":8,"color_heading_mb":"#ffffff","slide-des-mb":"Quisquemos sodales suscipit tortor ditaemcos condimentum de cosmo lacus meleifend menean diverra loremous.","font_size_des_mb":12,"des_spacing_bottom_mb":35,"color_des_mb":"#ffffff","enable_icon_button":false,"button_slide":"","link":"","button_slide_2":"","link_2":"","min_width_banner_button":270,"color_button":"#ffffff","border_button":"#232323","bg_button":"#232323","bg_button_gradient":"","color_button_hover":"#ffffff","border_button_hover":"#232323","bg_button_hover":"#232323","bg_button_gradient_hover":"","lb_product_1":"","top_position_1":"10","left_position_1":"10","dots_color_1":"#ffffff","dots_bg_color_1":"#232323","dots_shadow_color_1":"#232323","lb_product_2":"","top_position_2":"10","left_position_2":"10","dots_color_2":"#ffffff","dots_bg_color_2":"#232323","dots_shadow_color_2":"#232323","lb_product_3":"","top_position_3":"10","left_position_3":"10","dots_color_3":"#ffffff","dots_bg_color_3":"#232323","dots_shadow_color_3":"#232323"}},"d773882b-f39f-4517-a8a8-d008ef7c968a":{"type":"image","disabled":true,"settings":{"image_slide":"shopify:\/\/shop_images\/WFX-TCPSL.ESHOP-GALLERY-04.221110-A_cb377cb5-a52c-4918-be79-2ab09db19421.jpg","alignment":"right","enable_custom_position":false,"custom_horizontal":"","custom_vertical":"","enable_position_outside_image":false,"text_alignment":"center","enable_border_line":false,"padding_vertical":0,"content_width":390,"bg_color_content":"","border_color_content":"","profile_name":"","profile_name_color":"","profile_name_fs":20,"profile_name_fs_mb":20,"profile_name_fw":"normal","profile_title":"","profile_title_color":"","profile_title_fs":20,"profile_title_fs_mb":20,"profile_title_fw":"normal","profile_spacing_bottom":50,"sub_heading":"","letter_spacing_sub_title":"","font_size_sub_heading":30,"sub_heading_spacing_bottom":20,"font_weight_sub_heading":"400","border_sub_heading":"none","sub_title_position":"sub_title_above","color_sub_heading":"#ffffff","heading":"wing & gear foley","letter_spacing_heading":"","enable_border_heading":false,"font_style_heading":"normal","font_size_heading":23,"line_height_heading":22,"heading_spacing_bottom":0,"color_heading":"#ffffff","slide-des":"in outdoor & studio environments","font_size_des":16,"des_spacing_bottom":35,"color_des":"#ffffff","sub_heading_mb":"","font_size_sub_heading_mb":20,"sub_heading_spacing_bottom_mb":20,"font_weight_sub_heading_mb":"400","border_sub_heading_mb":"none","color_sub_heading_mb":"#ffffff","heading_mb":"Cosmopolis","font_style_heading_mb":"normal","font_size_heading_mb":24,"line_height_heading_mb":24,"heading_spacing_bottom_mb":8,"color_heading_mb":"#ffffff","slide-des-mb":"Quisquemos sodales suscipit tortor ditaemcos condimentum de cosmo lacus meleifend menean diverra loremous.","font_size_des_mb":12,"des_spacing_bottom_mb":35,"color_des_mb":"#ffffff","enable_icon_button":false,"button_slide":"","link":"","button_slide_2":"","link_2":"","min_width_banner_button":270,"color_button":"#ffffff","border_button":"#232323","bg_button":"#232323","bg_button_gradient":"","color_button_hover":"#ffffff","border_button_hover":"#232323","bg_button_hover":"#232323","bg_button_gradient_hover":"","lb_product_1":"","top_position_1":"10","left_position_1":"10","dots_color_1":"#ffffff","dots_bg_color_1":"#232323","dots_shadow_color_1":"#232323","lb_product_2":"","top_position_2":"10","left_position_2":"10","dots_color_2":"#ffffff","dots_bg_color_2":"#232323","dots_shadow_color_2":"#232323","lb_product_3":"","top_position_3":"10","left_position_3":"10","dots_color_3":"#ffffff","dots_bg_color_3":"#232323","dots_shadow_color_3":"#232323"}},"e855faef-52fa-4528-b803-ee0b1db9b238":{"type":"image","disabled":true,"settings":{"image_slide":"shopify:\/\/shop_images\/WFX-TCPSL.ESHOP-GALLERY-06B.221110-A_1e774792-0448-4e55-b796-8665f51178ff.jpg","alignment":"left","enable_custom_position":false,"custom_horizontal":"","custom_vertical":"","enable_position_outside_image":false,"text_alignment":"center","enable_border_line":false,"padding_vertical":0,"content_width":450,"bg_color_content":"","border_color_content":"","profile_name":"","profile_name_color":"","profile_name_fs":20,"profile_name_fs_mb":20,"profile_name_fw":"normal","profile_title":"","profile_title_color":"","profile_title_fs":20,"profile_title_fs_mb":20,"profile_title_fw":"normal","profile_spacing_bottom":50,"sub_heading":"","letter_spacing_sub_title":"","font_size_sub_heading":30,"sub_heading_spacing_bottom":20,"font_weight_sub_heading":"400","border_sub_heading":"none","sub_title_position":"sub_title_above","color_sub_heading":"#ffffff","heading":"atmos & wallas","letter_spacing_heading":"","enable_border_heading":false,"font_style_heading":"normal","font_size_heading":23,"line_height_heading":23,"heading_spacing_bottom":0,"color_heading":"#ffffff","slide-des":"on take-off sites","font_size_des":16,"des_spacing_bottom":35,"color_des":"#ffffff","sub_heading_mb":"","font_size_sub_heading_mb":20,"sub_heading_spacing_bottom_mb":20,"font_weight_sub_heading_mb":"400","border_sub_heading_mb":"none","color_sub_heading_mb":"#ffffff","heading_mb":"Cosmopolis","font_style_heading_mb":"normal","font_size_heading_mb":24,"line_height_heading_mb":24,"heading_spacing_bottom_mb":8,"color_heading_mb":"#ffffff","slide-des-mb":"Quisquemos sodales suscipit tortor ditaemcos condimentum de cosmo lacus meleifend menean diverra loremous.","font_size_des_mb":12,"des_spacing_bottom_mb":35,"color_des_mb":"#ffffff","enable_icon_button":false,"button_slide":"","link":"","button_slide_2":"","link_2":"","min_width_banner_button":270,"color_button":"#ffffff","border_button":"#232323","bg_button":"#232323","bg_button_gradient":"","color_button_hover":"#ffffff","border_button_hover":"#232323","bg_button_hover":"#232323","bg_button_gradient_hover":"","lb_product_1":"","top_position_1":"10","left_position_1":"10","dots_color_1":"#ffffff","dots_bg_color_1":"#232323","dots_shadow_color_1":"#232323","lb_product_2":"","top_position_2":"10","left_position_2":"10","dots_color_2":"#ffffff","dots_bg_color_2":"#232323","dots_shadow_color_2":"#232323","lb_product_3":"","top_position_3":"10","left_position_3":"10","dots_color_3":"#ffffff","dots_bg_color_3":"#232323","dots_shadow_color_3":"#232323"}},"6b53b4c9-0335-4680-943b-30b920dac302":{"type":"image","disabled":true,"settings":{"image_slide":"shopify:\/\/shop_images\/WFX.TCPSL.ESHOP-GALLERY-05.221110-E_9d8e20dc-815f-4a13-8db2-bdd641ce542b.jpg","alignment":"right","enable_custom_position":false,"custom_horizontal":"","custom_vertical":"","enable_position_outside_image":false,"text_alignment":"center","enable_border_line":false,"padding_vertical":0,"content_width":390,"bg_color_content":"","border_color_content":"","profile_name":"","profile_name_color":"","profile_name_fs":20,"profile_name_fs_mb":20,"profile_name_fw":"normal","profile_title":"","profile_title_color":"","profile_title_fs":20,"profile_title_fs_mb":20,"profile_title_fw":"normal","profile_spacing_bottom":50,"sub_heading":"","letter_spacing_sub_title":"","font_size_sub_heading":30,"sub_heading_spacing_bottom":20,"font_weight_sub_heading":"400","border_sub_heading":"none","sub_title_position":"sub_title_above","color_sub_heading":"#ffffff","heading":"wind flows & gusts","letter_spacing_heading":"","enable_border_heading":false,"font_style_heading":"normal","font_size_heading":23,"line_height_heading":23,"heading_spacing_bottom":0,"color_heading":"#ffffff","slide-des":"in pilot, wing & GoPro POV","font_size_des":16,"des_spacing_bottom":35,"color_des":"#ffffff","sub_heading_mb":"","font_size_sub_heading_mb":20,"sub_heading_spacing_bottom_mb":20,"font_weight_sub_heading_mb":"400","border_sub_heading_mb":"none","color_sub_heading_mb":"#ffffff","heading_mb":"Cosmopolis","font_style_heading_mb":"normal","font_size_heading_mb":24,"line_height_heading_mb":24,"heading_spacing_bottom_mb":8,"color_heading_mb":"#ffffff","slide-des-mb":"Quisquemos sodales suscipit tortor ditaemcos condimentum de cosmo lacus meleifend menean diverra loremous.","font_size_des_mb":12,"des_spacing_bottom_mb":35,"color_des_mb":"#ffffff","enable_icon_button":false,"button_slide":"","link":"","button_slide_2":"","link_2":"","min_width_banner_button":270,"color_button":"#ffffff","border_button":"#232323","bg_button":"#232323","bg_button_gradient":"","color_button_hover":"#ffffff","border_button_hover":"#232323","bg_button_hover":"#232323","bg_button_gradient_hover":"","lb_product_1":"","top_position_1":"10","left_position_1":"10","dots_color_1":"#ffffff","dots_bg_color_1":"#232323","dots_shadow_color_1":"#232323","lb_product_2":"","top_position_2":"10","left_position_2":"10","dots_color_2":"#ffffff","dots_bg_color_2":"#232323","dots_shadow_color_2":"#232323","lb_product_3":"","top_position_3":"10","left_position_3":"10","dots_color_3":"#ffffff","dots_bg_color_3":"#232323","dots_shadow_color_3":"#232323"}},"92ac43ea-afa1-484a-8498-381c5929cb93":{"type":"image","disabled":true,"settings":{"image_slide":"shopify:\/\/shop_images\/WFX.TCPSL.ESHOP-GALLERY-07.221110-A_34f651dd-baa9-4b26-9ed9-3d5ca2fde8eb.jpg","alignment":"left","enable_custom_position":false,"custom_horizontal":"","custom_vertical":"","enable_position_outside_image":false,"text_alignment":"center","enable_border_line":false,"padding_vertical":0,"content_width":390,"bg_color_content":"","border_color_content":"","profile_name":"","profile_name_color":"","profile_name_fs":20,"profile_name_fs_mb":20,"profile_name_fw":"normal","profile_title":"","profile_title_color":"","profile_title_fs":20,"profile_title_fs_mb":20,"profile_title_fw":"normal","profile_spacing_bottom":50,"sub_heading":"","letter_spacing_sub_title":"","font_size_sub_heading":30,"sub_heading_spacing_bottom":20,"font_weight_sub_heading":"400","border_sub_heading":"none","sub_title_position":"sub_title_above","color_sub_heading":"#003555","heading":"electronic devices","letter_spacing_heading":"","enable_border_heading":false,"font_style_heading":"normal","font_size_heading":23,"line_height_heading":23,"heading_spacing_bottom":0,"color_heading":"#003555","slide-des":"GoPro, vario, radio","font_size_des":12,"des_spacing_bottom":35,"color_des":"#003555","sub_heading_mb":"","font_size_sub_heading_mb":20,"sub_heading_spacing_bottom_mb":20,"font_weight_sub_heading_mb":"400","border_sub_heading_mb":"none","color_sub_heading_mb":"#ffffff","heading_mb":"Cosmopolis","font_style_heading_mb":"normal","font_size_heading_mb":24,"line_height_heading_mb":24,"heading_spacing_bottom_mb":8,"color_heading_mb":"#ffffff","slide-des-mb":"Quisquemos sodales suscipit tortor ditaemcos condimentum de cosmo lacus meleifend menean diverra loremous.","font_size_des_mb":12,"des_spacing_bottom_mb":35,"color_des_mb":"#ffffff","enable_icon_button":false,"button_slide":"","link":"","button_slide_2":"","link_2":"","min_width_banner_button":270,"color_button":"#ffffff","border_button":"#232323","bg_button":"#232323","bg_button_gradient":"","color_button_hover":"#ffffff","border_button_hover":"#232323","bg_button_hover":"#232323","bg_button_gradient_hover":"","lb_product_1":"","top_position_1":"10","left_position_1":"10","dots_color_1":"#ffffff","dots_bg_color_1":"#232323","dots_shadow_color_1":"#232323","lb_product_2":"","top_position_2":"10","left_position_2":"10","dots_color_2":"#ffffff","dots_bg_color_2":"#232323","dots_shadow_color_2":"#232323","lb_product_3":"","top_position_3":"10","left_position_3":"10","dots_color_3":"#ffffff","dots_bg_color_3":"#232323","dots_shadow_color_3":"#232323"}}},"block_order":["template--16860770599221__ed402072-13b5-4edf-a877-f095df815b5d-1667942215818aadcf-0","28eb2b5f-c49e-4401-a31c-e6a934f1278e","0b8771c8-5faa-4822-bb47-7fff32c6372d","d773882b-f39f-4517-a8a8-d008ef7c968a","e855faef-52fa-4528-b803-ee0b1db9b238","6b53b4c9-0335-4680-943b-30b920dac302","92ac43ea-afa1-484a-8498-381c5929cb93"],"settings":{"container":"1170","padding_full_width":0,"mg_top_desktop":20,"mg_top_tablet":20,"mg_top_mobile":20,"mg_bottom_desktop":0,"mg_bottom_tablet":0,"mg_bottom_mobile":0,"slideshow_background":"","slideshow_background_gradient":"","autoplay":true,"slideshow_speed":"5000","slideshow_transition":"true","dots":"false","dots_color":"#ffffff","dots_border_color":"rgba(0,0,0,0)","dots_active_color":"rgba(0,0,0,0)","dots_active_border_color":"rgba(0,0,0,0)","dots_direction":"bottom","position_slick_dots":"15px","dots_opacity":false,"arrow_active":true,"enable_custom_arrow":true,"arrow_width":25,"arrow_height":25,"arrow_size_icon":20,"arrow_color":"#003555","arrow_border_color":"#ffffff","arrow_bg_color":"#ffffff","arrow_color_hover":"#ffffff","arrow_border_color_hover":"#003555","arrow_bg_color_hover":"#003555","position_slick_arrow":"47%","position_vertical_slick_arrow":"95%","video_height":"41.7%","auto_playvideo":false,"enable_categories":false,"text_categories":"Shop by categories","title_color":"#ffffff","bg_title":"#fd6506","text_icon_color":"#202020","menu_category":"","enable_banner":false,"lookbook_style":"1","lookbook_gradient_color":"","lookbook_background_color":"#333333","lookbook_text_color":"#ffffff","lookbook_dots_enabled":false,"lookbook_show_by_default":false,"lookbook_dots_mobile_enabled":false,"show_lookbook_title_price":false}},"05c53477-487c-4d5c-a51c-eb750d43e191":{"type":"slide-show","blocks":{"template--16860770599221__05c53477-487c-4d5c-a51c-eb750d43e191-166794735938d093d1-0":{"type":"image","settings":{"image_slide":"shopify:\/\/shop_images\/WFX-TCPSL.ESHOP-GALLERY-02.221110-F_121b6d35-e2d9-4b36-854e-0d56f601e629.jpg","image_slide_mb":"shopify:\/\/shop_images\/WFX.ESHOP-MOBILE.GALLERY-02.221110-B.jpg","alignment":"right","enable_custom_position":false,"custom_horizontal":"","custom_vertical":"","enable_position_outside_image":false,"text_alignment":"center","enable_border_line":false,"padding_vertical":0,"content_width":405,"bg_color_content":"","border_color_content":"","profile_name":"","profile_name_color":"","profile_name_fs":20,"profile_name_fs_mb":20,"profile_name_fw":"normal","profile_title":"","profile_title_color":"","profile_title_fs":20,"profile_title_fs_mb":20,"profile_title_fw":"normal","profile_spacing_bottom":50,"sub_heading":"","letter_spacing_sub_title":"","font_size_sub_heading":30,"sub_heading_spacing_bottom":20,"font_weight_sub_heading":"400","border_sub_heading":"none","sub_title_position":"sub_title_above","color_sub_heading":"#ffffff","heading":"16 straight & thermal flight","letter_spacing_heading":"","enable_border_heading":false,"font_style_heading":"normal","font_size_heading":23,"line_height_heading":40,"heading_spacing_bottom":0,"color_heading":"#ffffff","slide-des":"on-board sequences","font_size_des":16,"des_spacing_bottom":35,"color_des":"#ffffff","sub_heading_mb":"spacing::hidden word for spacing::hidden word for spacing::hidden word for spacing::hidden wo::hidden word for spacing::hidden word for spacing::hidden word for spacing::hidden word for spacing::hidden word for spacing::hidden word for spacing::hidden word for spacing::hidden word for spacing::hidden word for spacing::hidden word for spacing::hidden word for spacing::hidden word for spacing::hidden word for spacing::hidden word for spacing::hidden word for spacing::hidden word for spacing::hidden word for spacing::hidden word for spacing::hidden word for spacing::hidden word for spacing::hidden word for spacing::hidden word for spacing::hidden word for spacingrd for spacing::hidden word for spacing","font_size_sub_heading_mb":100,"sub_heading_spacing_bottom_mb":100,"font_weight_sub_heading_mb":"400","border_sub_heading_mb":"none","color_sub_heading_mb":"rgba(0,0,0,0)","heading_mb":"16 straight & thermal flight","font_style_heading_mb":"normal","font_size_heading_mb":18,"line_height_heading_mb":18,"heading_spacing_bottom_mb":0,"color_heading_mb":"#003555","slide-des-mb":"onboard sequences","font_size_des_mb":16,"des_spacing_bottom_mb":0,"color_des_mb":"#003555","enable_icon_button":false,"button_slide":"","link":"","button_slide_2":"","link_2":"","min_width_banner_button":270,"color_button":"#ffffff","border_button":"#232323","bg_button":"#232323","bg_button_gradient":"","color_button_hover":"#ffffff","border_button_hover":"#232323","bg_button_hover":"#232323","bg_button_gradient_hover":"","lb_product_1":"","top_position_1":"10","left_position_1":"10","dots_color_1":"#ffffff","dots_bg_color_1":"#232323","dots_shadow_color_1":"#232323","lb_product_2":"","top_position_2":"10","left_position_2":"10","dots_color_2":"#ffffff","dots_bg_color_2":"#232323","dots_shadow_color_2":"#232323","lb_product_3":"","top_position_3":"10","left_position_3":"10","dots_color_3":"#ffffff","dots_bg_color_3":"#232323","dots_shadow_color_3":"#232323"}}},"block_order":["template--16860770599221__05c53477-487c-4d5c-a51c-eb750d43e191-166794735938d093d1-0"],"settings":{"container":"1170","padding_full_width":0,"mg_top_desktop":20,"mg_top_tablet":20,"mg_top_mobile":0,"mg_bottom_desktop":0,"mg_bottom_tablet":0,"mg_bottom_mobile":0,"slideshow_background":"","slideshow_background_gradient":"","autoplay":true,"slideshow_speed":"5000","slideshow_transition":"true","dots":"true","dots_color":"#707979","dots_border_color":"#707979","dots_active_color":"rgba(0,0,0,0)","dots_active_border_color":"#505656","dots_direction":"bottom","position_slick_dots":"34px","dots_opacity":false,"arrow_active":true,"enable_custom_arrow":false,"arrow_width":35,"arrow_height":35,"arrow_size_icon":17,"arrow_color":"#666d6d","arrow_border_color":"#666d6d","arrow_bg_color":"#ffffff","arrow_color_hover":"","arrow_border_color_hover":"","arrow_bg_color_hover":"","position_slick_arrow":"10%","position_vertical_slick_arrow":"50%","video_height":"41.7%","auto_playvideo":true,"enable_categories":false,"text_categories":"Shop by categories","title_color":"#ffffff","bg_title":"#fd6506","text_icon_color":"#202020","menu_category":"","enable_banner":false,"lookbook_style":"1","lookbook_gradient_color":"","lookbook_background_color":"#333333","lookbook_text_color":"#ffffff","lookbook_dots_enabled":true,"lookbook_show_by_default":false,"lookbook_dots_mobile_enabled":true,"show_lookbook_title_price":true}},"a4c96d2f-9890-4806-8dee-dd1d8839c3fc":{"type":"slide-show","blocks":{"template--16860770599221__a4c96d2f-9890-4806-8dee-dd1d8839c3fc-1667954889cde9c947-0":{"type":"image","settings":{"image_slide":"shopify:\/\/shop_images\/WFX-TCPSL.ESHOP-GALLERY-03.221110-B.jpg","image_slide_mb":"shopify:\/\/shop_images\/WFX.ESHOP-MOBILE.GALLERY-03.221110-A.jpg","alignment":"left","enable_custom_position":false,"custom_horizontal":"","custom_vertical":"","enable_position_outside_image":false,"text_alignment":"center","enable_border_line":false,"padding_vertical":0,"content_width":475,"bg_color_content":"","border_color_content":"","profile_name":"","profile_name_color":"","profile_name_fs":20,"profile_name_fs_mb":20,"profile_name_fw":"normal","profile_title":"","profile_title_color":"","profile_title_fs":20,"profile_title_fs_mb":20,"profile_title_fw":"normal","profile_spacing_bottom":50,"sub_heading":"","letter_spacing_sub_title":"","font_size_sub_heading":30,"sub_heading_spacing_bottom":20,"font_weight_sub_heading":"400","border_sub_heading":"none","sub_title_position":"sub_title_above","color_sub_heading":"#ffffff","heading":"22 take-offs","letter_spacing_heading":"","enable_border_heading":false,"font_style_heading":"normal","font_size_heading":23,"line_height_heading":40,"heading_spacing_bottom":0,"color_heading":"#f7f8fa","slide-des":"in close perspective","font_size_des":16,"des_spacing_bottom":35,"color_des":"#ffffff","sub_heading_mb":"spacing::hidden word for spacing::hidden word for spacing::hidden word for spacing::hidden wo::hidden word for spacing::hidden word for spacing::hidden word for spacing::hidden word for spacing::hidden word for spacing::hidden word for spacing::hidden word for spacing::hidden word for spacing::hidden word for spacing::hidden word for spacing::hidden word for spacing::hidden word for spacing::hidden word for spacing::hidden word for spacing::hidden word for spacing::hidden word for spacing::hidden word for spacing::hidden word for spacing::hidden word for spacing::hidden word for spacing::hidden word for spacing::hidden word for spacing::hidden word for spacingrd for spacing::hidden word for spacing","font_size_sub_heading_mb":100,"sub_heading_spacing_bottom_mb":100,"font_weight_sub_heading_mb":"400","border_sub_heading_mb":"none","color_sub_heading_mb":"rgba(0,0,0,0)","heading_mb":"22 take-offs","font_style_heading_mb":"normal","font_size_heading_mb":18,"line_height_heading_mb":18,"heading_spacing_bottom_mb":0,"color_heading_mb":"#003555","slide-des-mb":"in close perspective","font_size_des_mb":16,"des_spacing_bottom_mb":0,"color_des_mb":"#003555","enable_icon_button":false,"button_slide":"","link":"","button_slide_2":"","link_2":"","min_width_banner_button":270,"color_button":"#ffffff","border_button":"#232323","bg_button":"#232323","bg_button_gradient":"","color_button_hover":"#ffffff","border_button_hover":"#232323","bg_button_hover":"#232323","bg_button_gradient_hover":"","lb_product_1":"","top_position_1":"10","left_position_1":"10","dots_color_1":"#ffffff","dots_bg_color_1":"#232323","dots_shadow_color_1":"#232323","lb_product_2":"","top_position_2":"10","left_position_2":"10","dots_color_2":"#ffffff","dots_bg_color_2":"#232323","dots_shadow_color_2":"#232323","lb_product_3":"","top_position_3":"10","left_position_3":"10","dots_color_3":"#ffffff","dots_bg_color_3":"#232323","dots_shadow_color_3":"#232323"}}},"block_order":["template--16860770599221__a4c96d2f-9890-4806-8dee-dd1d8839c3fc-1667954889cde9c947-0"],"settings":{"container":"1170","padding_full_width":0,"mg_top_desktop":20,"mg_top_tablet":20,"mg_top_mobile":0,"mg_bottom_desktop":0,"mg_bottom_tablet":0,"mg_bottom_mobile":0,"slideshow_background":"","slideshow_background_gradient":"","autoplay":false,"slideshow_speed":"5000","slideshow_transition":"true","dots":"true","dots_color":"#707979","dots_border_color":"#707979","dots_active_color":"rgba(0,0,0,0)","dots_active_border_color":"#505656","dots_direction":"bottom","position_slick_dots":"34px","dots_opacity":false,"arrow_active":true,"enable_custom_arrow":false,"arrow_width":35,"arrow_height":35,"arrow_size_icon":17,"arrow_color":"#666d6d","arrow_border_color":"#666d6d","arrow_bg_color":"#ffffff","arrow_color_hover":"","arrow_border_color_hover":"","arrow_bg_color_hover":"","position_slick_arrow":"10%","position_vertical_slick_arrow":"50%","video_height":"41.7%","auto_playvideo":true,"enable_categories":false,"text_categories":"Shop by categories","title_color":"#ffffff","bg_title":"#fd6506","text_icon_color":"#202020","menu_category":"","enable_banner":false,"lookbook_style":"1","lookbook_gradient_color":"","lookbook_background_color":"#333333","lookbook_text_color":"#ffffff","lookbook_dots_enabled":true,"lookbook_show_by_default":false,"lookbook_dots_mobile_enabled":true,"show_lookbook_title_price":true}},"3d53f3fb-6a4e-45f0-bf81-25feb70a6895":{"type":"slide-show","blocks":{"template--16860770599221__3d53f3fb-6a4e-45f0-bf81-25feb70a6895-1667954889cde9c947-0":{"type":"image","settings":{"image_slide":"shopify:\/\/shop_images\/WFX-TCPSL.ESHOP-GALLERY-04.221110-A.jpg","image_slide_mb":"shopify:\/\/shop_images\/WFX.ESHOP-MOBILE.GALLERY-04.221110-A.jpg","alignment":"right","enable_custom_position":false,"custom_horizontal":"","custom_vertical":"","enable_position_outside_image":false,"text_alignment":"center","enable_border_line":false,"padding_vertical":0,"content_width":475,"bg_color_content":"","border_color_content":"","profile_name":"","profile_name_color":"","profile_name_fs":20,"profile_name_fs_mb":20,"profile_name_fw":"normal","profile_title":"","profile_title_color":"","profile_title_fs":20,"profile_title_fs_mb":20,"profile_title_fw":"normal","profile_spacing_bottom":10,"sub_heading":"","letter_spacing_sub_title":"","font_size_sub_heading":30,"sub_heading_spacing_bottom":20,"font_weight_sub_heading":"400","border_sub_heading":"none","sub_title_position":"sub_title_above","color_sub_heading":"#ffffff","heading":"wing & gear Foley","letter_spacing_heading":"","enable_border_heading":false,"font_style_heading":"normal","font_size_heading":23,"line_height_heading":40,"heading_spacing_bottom":0,"color_heading":"#ffffff","slide-des":"in outdoor & studio environments","font_size_des":16,"des_spacing_bottom":35,"color_des":"#ffffff","sub_heading_mb":"spacing::hidden word for spacing::hidden word for spacing::hidden word for spacing::hidden wo::hidden word for spacing::hidden word for spacing::hidden word for spacing::hidden word for spacing::hidden word for spacing::hidden word for spacing::hidden word for spacing::hidden word for spacing::hidden word for spacing::hidden word for spacing::hidden word for spacing::hidden word for spacing::hidden word for spacing::hidden word for spacing::hidden word for spacing::hidden word for spacing::hidden word for spacing::hidden word for spacing::hidden word for spacing::hidden word for spacing::hidden word for spacing::hidden word for spacing::hidden word for spacingrd for spacing::hidden word for spacing","font_size_sub_heading_mb":100,"sub_heading_spacing_bottom_mb":100,"font_weight_sub_heading_mb":"400","border_sub_heading_mb":"none","color_sub_heading_mb":"rgba(0,0,0,0)","heading_mb":"wing & gear Foley","font_style_heading_mb":"normal","font_size_heading_mb":18,"line_height_heading_mb":18,"heading_spacing_bottom_mb":0,"color_heading_mb":"#003555","slide-des-mb":"in outdoor & studio environments","font_size_des_mb":16,"des_spacing_bottom_mb":0,"color_des_mb":"#003555","enable_icon_button":false,"button_slide":"","link":"","button_slide_2":"","link_2":"","min_width_banner_button":270,"color_button":"#ffffff","border_button":"#232323","bg_button":"#232323","bg_button_gradient":"","color_button_hover":"#ffffff","border_button_hover":"#232323","bg_button_hover":"#232323","bg_button_gradient_hover":"","lb_product_1":"","top_position_1":"10","left_position_1":"10","dots_color_1":"#ffffff","dots_bg_color_1":"#232323","dots_shadow_color_1":"#232323","lb_product_2":"","top_position_2":"10","left_position_2":"10","dots_color_2":"#ffffff","dots_bg_color_2":"#232323","dots_shadow_color_2":"#232323","lb_product_3":"","top_position_3":"10","left_position_3":"10","dots_color_3":"#ffffff","dots_bg_color_3":"#232323","dots_shadow_color_3":"#232323"}}},"block_order":["template--16860770599221__3d53f3fb-6a4e-45f0-bf81-25feb70a6895-1667954889cde9c947-0"],"settings":{"container":"1170","padding_full_width":0,"mg_top_desktop":20,"mg_top_tablet":20,"mg_top_mobile":0,"mg_bottom_desktop":0,"mg_bottom_tablet":0,"mg_bottom_mobile":0,"slideshow_background":"","slideshow_background_gradient":"","autoplay":false,"slideshow_speed":"5000","slideshow_transition":"true","dots":"true","dots_color":"#707979","dots_border_color":"#707979","dots_active_color":"rgba(0,0,0,0)","dots_active_border_color":"#505656","dots_direction":"bottom","position_slick_dots":"34px","dots_opacity":false,"arrow_active":true,"enable_custom_arrow":false,"arrow_width":35,"arrow_height":35,"arrow_size_icon":17,"arrow_color":"#666d6d","arrow_border_color":"#666d6d","arrow_bg_color":"#ffffff","arrow_color_hover":"","arrow_border_color_hover":"","arrow_bg_color_hover":"","position_slick_arrow":"10%","position_vertical_slick_arrow":"50%","video_height":"41.7%","auto_playvideo":true,"enable_categories":false,"text_categories":"Shop by categories","title_color":"#ffffff","bg_title":"#fd6506","text_icon_color":"#202020","menu_category":"","enable_banner":false,"lookbook_style":"1","lookbook_gradient_color":"","lookbook_background_color":"#333333","lookbook_text_color":"#ffffff","lookbook_dots_enabled":true,"lookbook_show_by_default":false,"lookbook_dots_mobile_enabled":true,"show_lookbook_title_price":true}},"aa3b8a54-882f-469a-99a9-84d559e4f58c":{"type":"slide-show","blocks":{"template--16860770599221__aa3b8a54-882f-469a-99a9-84d559e4f58c-1668006117b73bc2ac-0":{"type":"image","settings":{"image_slide":"shopify:\/\/shop_images\/WFX-TCPSL.ESHOP-GALLERY-06B.221110-A.jpg","image_slide_mb":"shopify:\/\/shop_images\/WFX.ESHOP-MOBILE.GALLERY-06.221110-A.jpg","alignment":"left","enable_custom_position":false,"custom_horizontal":"","custom_vertical":"","enable_position_outside_image":false,"text_alignment":"center","enable_border_line":false,"padding_vertical":0,"content_width":475,"bg_color_content":"","border_color_content":"","profile_name":"","profile_name_color":"","profile_name_fs":20,"profile_name_fs_mb":20,"profile_name_fw":"normal","profile_title":"","profile_title_color":"","profile_title_fs":20,"profile_title_fs_mb":20,"profile_title_fw":"normal","profile_spacing_bottom":50,"sub_heading":"","letter_spacing_sub_title":"","font_size_sub_heading":30,"sub_heading_spacing_bottom":20,"font_weight_sub_heading":"400","border_sub_heading":"none","sub_title_position":"sub_title_above","color_sub_heading":"#ffffff","heading":"atmos & wallas","letter_spacing_heading":"","enable_border_heading":false,"font_style_heading":"normal","font_size_heading":23,"line_height_heading":40,"heading_spacing_bottom":0,"color_heading":"#ffffff","slide-des":"on take-off sites","font_size_des":16,"des_spacing_bottom":35,"color_des":"#ffffff","sub_heading_mb":"spacing::hidden word for spacing::hidden word for spacing::hidden word for spacing::hidden wo::hidden word for spacing::hidden word for spacing::hidden word for spacing::hidden word for spacing::hidden word for spacing::hidden word for spacing::hidden word for spacing::hidden word for spacing::hidden word for spacing::hidden word for spacing::hidden word for spacing::hidden word for spacing::hidden word for spacing::hidden word for spacing::hidden word for spacing::hidden word for spacing::hidden word for spacing::hidden word for spacing::hidden word for spacing::hidden word for spacing::hidden word for spacing::hidden word for spacing::hidden word for spacingrd for spacing::hidden word for spacing","font_size_sub_heading_mb":100,"sub_heading_spacing_bottom_mb":100,"font_weight_sub_heading_mb":"400","border_sub_heading_mb":"none","color_sub_heading_mb":"rgba(0,0,0,0)","heading_mb":"atmos & wallas","font_style_heading_mb":"normal","font_size_heading_mb":18,"line_height_heading_mb":18,"heading_spacing_bottom_mb":0,"color_heading_mb":"#003555","slide-des-mb":"on take-off sites","font_size_des_mb":16,"des_spacing_bottom_mb":0,"color_des_mb":"#003555","enable_icon_button":false,"button_slide":"","link":"","button_slide_2":"","link_2":"","min_width_banner_button":270,"color_button":"#ffffff","border_button":"#232323","bg_button":"#232323","bg_button_gradient":"","color_button_hover":"#ffffff","border_button_hover":"#232323","bg_button_hover":"#232323","bg_button_gradient_hover":"","lb_product_1":"","top_position_1":"10","left_position_1":"10","dots_color_1":"#ffffff","dots_bg_color_1":"#232323","dots_shadow_color_1":"#232323","lb_product_2":"","top_position_2":"10","left_position_2":"10","dots_color_2":"#ffffff","dots_bg_color_2":"#232323","dots_shadow_color_2":"#232323","lb_product_3":"","top_position_3":"10","left_position_3":"10","dots_color_3":"#ffffff","dots_bg_color_3":"#232323","dots_shadow_color_3":"#232323"}}},"block_order":["template--16860770599221__aa3b8a54-882f-469a-99a9-84d559e4f58c-1668006117b73bc2ac-0"],"settings":{"container":"1170","padding_full_width":0,"mg_top_desktop":20,"mg_top_tablet":20,"mg_top_mobile":0,"mg_bottom_desktop":0,"mg_bottom_tablet":0,"mg_bottom_mobile":0,"slideshow_background":"","slideshow_background_gradient":"","autoplay":true,"slideshow_speed":"5000","slideshow_transition":"true","dots":"true","dots_color":"#707979","dots_border_color":"#707979","dots_active_color":"rgba(0,0,0,0)","dots_active_border_color":"#505656","dots_direction":"bottom","position_slick_dots":"34px","dots_opacity":false,"arrow_active":true,"enable_custom_arrow":false,"arrow_width":35,"arrow_height":35,"arrow_size_icon":17,"arrow_color":"#666d6d","arrow_border_color":"#666d6d","arrow_bg_color":"#ffffff","arrow_color_hover":"","arrow_border_color_hover":"","arrow_bg_color_hover":"","position_slick_arrow":"10%","position_vertical_slick_arrow":"50%","video_height":"41.7%","auto_playvideo":true,"enable_categories":false,"text_categories":"Shop by categories","title_color":"#ffffff","bg_title":"#fd6506","text_icon_color":"#202020","menu_category":"","enable_banner":false,"lookbook_style":"1","lookbook_gradient_color":"","lookbook_background_color":"#333333","lookbook_text_color":"#ffffff","lookbook_dots_enabled":true,"lookbook_show_by_default":false,"lookbook_dots_mobile_enabled":true,"show_lookbook_title_price":true}},"be62bc8d-cfba-4aea-9d15-f7a9d860af66":{"type":"slide-show","blocks":{"template--16860770599221__be62bc8d-cfba-4aea-9d15-f7a9d860af66-16679682362e138ad3-0":{"type":"image","settings":{"image_slide":"shopify:\/\/shop_images\/WFX.TCPSL.ESHOP-GALLERY-05.221110-E_d2ddcb0f-a30d-4fbc-9a46-dbe24a2a4d19.jpg","image_slide_mb":"shopify:\/\/shop_images\/WFX.ESHOP-MOBILE.GALLERY-05.221110-A.jpg","alignment":"right","enable_custom_position":false,"custom_horizontal":"","custom_vertical":"","enable_position_outside_image":false,"text_alignment":"center","enable_border_line":false,"padding_vertical":0,"content_width":475,"bg_color_content":"","border_color_content":"","profile_name":"","profile_name_color":"","profile_name_fs":20,"profile_name_fs_mb":20,"profile_name_fw":"normal","profile_title":"","profile_title_color":"","profile_title_fs":20,"profile_title_fs_mb":20,"profile_title_fw":"normal","profile_spacing_bottom":50,"sub_heading":"","letter_spacing_sub_title":"","font_size_sub_heading":30,"sub_heading_spacing_bottom":20,"font_weight_sub_heading":"400","border_sub_heading":"none","sub_title_position":"sub_title_above","color_sub_heading":"#ffffff","heading":"wind flows & gusts","letter_spacing_heading":"","enable_border_heading":false,"font_style_heading":"normal","font_size_heading":23,"line_height_heading":40,"heading_spacing_bottom":0,"color_heading":"#ffffff","slide-des":"in pilot, wing & GoPro POV","font_size_des":16,"des_spacing_bottom":35,"color_des":"#ffffff","sub_heading_mb":"spacing::hidden word for spacing::hidden word for spacing::hidden word for spacing::hidden wo::hidden word for spacing::hidden word for spacing::hidden word for spacing::hidden word for spacing::hidden word for spacing::hidden word for spacing::hidden word for spacing::hidden word for spacing::hidden word for spacing::hidden word for spacing::hidden word for spacing::hidden word for spacing::hidden word for spacing::hidden word for spacing::hidden word for spacing::hidden word for spacing::hidden word for spacing::hidden word for spacing::hidden word for spacing::hidden word for spacing::hidden word for spacing::hidden word for spacing::hidden word for spacingrd for spacing::hidden word for spacing","font_size_sub_heading_mb":100,"sub_heading_spacing_bottom_mb":100,"font_weight_sub_heading_mb":"400","border_sub_heading_mb":"none","color_sub_heading_mb":"rgba(0,0,0,0)","heading_mb":"wind flows & gusts","font_style_heading_mb":"normal","font_size_heading_mb":18,"line_height_heading_mb":18,"heading_spacing_bottom_mb":0,"color_heading_mb":"#003555","slide-des-mb":"in pilot, wing & GoPro POV","font_size_des_mb":16,"des_spacing_bottom_mb":0,"color_des_mb":"#003555","enable_icon_button":false,"button_slide":"","link":"","button_slide_2":"","link_2":"","min_width_banner_button":270,"color_button":"#ffffff","border_button":"#232323","bg_button":"#232323","bg_button_gradient":"","color_button_hover":"#ffffff","border_button_hover":"#232323","bg_button_hover":"#232323","bg_button_gradient_hover":"","lb_product_1":"","top_position_1":"10","left_position_1":"10","dots_color_1":"#ffffff","dots_bg_color_1":"#232323","dots_shadow_color_1":"#232323","lb_product_2":"","top_position_2":"10","left_position_2":"10","dots_color_2":"#ffffff","dots_bg_color_2":"#232323","dots_shadow_color_2":"#232323","lb_product_3":"","top_position_3":"10","left_position_3":"10","dots_color_3":"#ffffff","dots_bg_color_3":"#232323","dots_shadow_color_3":"#232323"}}},"block_order":["template--16860770599221__be62bc8d-cfba-4aea-9d15-f7a9d860af66-16679682362e138ad3-0"],"settings":{"container":"1170","padding_full_width":0,"mg_top_desktop":20,"mg_top_tablet":20,"mg_top_mobile":0,"mg_bottom_desktop":0,"mg_bottom_tablet":0,"mg_bottom_mobile":0,"slideshow_background":"","slideshow_background_gradient":"","autoplay":true,"slideshow_speed":"5000","slideshow_transition":"true","dots":"true","dots_color":"#707979","dots_border_color":"#707979","dots_active_color":"rgba(0,0,0,0)","dots_active_border_color":"#505656","dots_direction":"bottom","position_slick_dots":"34px","dots_opacity":false,"arrow_active":true,"enable_custom_arrow":false,"arrow_width":35,"arrow_height":35,"arrow_size_icon":17,"arrow_color":"#666d6d","arrow_border_color":"#666d6d","arrow_bg_color":"#ffffff","arrow_color_hover":"","arrow_border_color_hover":"","arrow_bg_color_hover":"","position_slick_arrow":"10%","position_vertical_slick_arrow":"50%","video_height":"41.7%","auto_playvideo":true,"enable_categories":false,"text_categories":"Shop by categories","title_color":"#ffffff","bg_title":"#fd6506","text_icon_color":"#202020","menu_category":"","enable_banner":false,"lookbook_style":"1","lookbook_gradient_color":"","lookbook_background_color":"#333333","lookbook_text_color":"#ffffff","lookbook_dots_enabled":true,"lookbook_show_by_default":false,"lookbook_dots_mobile_enabled":true,"show_lookbook_title_price":true}},"156955cd-89cd-4579-a12e-7cc49d9e6cc4":{"type":"slide-show","blocks":{"template--16860770599221__156955cd-89cd-4579-a12e-7cc49d9e6cc4-166801888874ad58c4-0":{"type":"image","settings":{"image_slide":"shopify:\/\/shop_images\/WFX.TCPSL.ESHOP-GALLERY-07.221110-A_ee8d7d7f-b960-450d-b998-2fa1a35c8251.jpg","image_slide_mb":"shopify:\/\/shop_images\/WFX.ESHOP-MOBILE.GALLERY-07.221110-A.jpg","alignment":"left","enable_custom_position":false,"custom_horizontal":"","custom_vertical":"","enable_position_outside_image":false,"text_alignment":"center","enable_border_line":false,"padding_vertical":0,"content_width":475,"bg_color_content":"","border_color_content":"","profile_name":"","profile_name_color":"","profile_name_fs":20,"profile_name_fs_mb":20,"profile_name_fw":"normal","profile_title":"","profile_title_color":"","profile_title_fs":20,"profile_title_fs_mb":20,"profile_title_fw":"normal","profile_spacing_bottom":50,"sub_heading":"","letter_spacing_sub_title":"","font_size_sub_heading":30,"sub_heading_spacing_bottom":20,"font_weight_sub_heading":"400","border_sub_heading":"none","sub_title_position":"sub_title_above","color_sub_heading":"#ffffff","heading":"electronic devices","letter_spacing_heading":"","enable_border_heading":false,"font_style_heading":"normal","font_size_heading":23,"line_height_heading":40,"heading_spacing_bottom":0,"color_heading":"#003555","slide-des":"GoPro, variometer, walkie-talkie","font_size_des":16,"des_spacing_bottom":35,"color_des":"#003555","sub_heading_mb":"spacing::hidden word for spacing::hidden word for spacing::hidden word for spacing::hidden wo::hidden word for spacing::hidden word for spacing::hidden word for spacing::hidden word for spacing::hidden word for spacing::hidden word for spacing::hidden word for spacing::hidden word for spacing::hidden word for spacing::hidden word for spacing::hidden word for spacing::hidden word for spacing::hidden word for spacing::hidden word for spacing::hidden word for spacing::hidden word for spacing::hidden word for spacing::hidden word for spacing::hidden word for spacing::hidden word for spacing::hidden word for spacing::hidden word for spacing::hidden word for spacingrd for spacing::hidden word for spacing","font_size_sub_heading_mb":100,"sub_heading_spacing_bottom_mb":100,"font_weight_sub_heading_mb":"400","border_sub_heading_mb":"none","color_sub_heading_mb":"rgba(0,0,0,0)","heading_mb":"electronic devices","font_style_heading_mb":"normal","font_size_heading_mb":18,"line_height_heading_mb":18,"heading_spacing_bottom_mb":0,"color_heading_mb":"#003555","slide-des-mb":"GoPro, variometer, walkie-talkie","font_size_des_mb":16,"des_spacing_bottom_mb":0,"color_des_mb":"#003555","enable_icon_button":false,"button_slide":"","link":"","button_slide_2":"","link_2":"","min_width_banner_button":270,"color_button":"#ffffff","border_button":"#232323","bg_button":"#232323","bg_button_gradient":"","color_button_hover":"#ffffff","border_button_hover":"#232323","bg_button_hover":"#232323","bg_button_gradient_hover":"","lb_product_1":"","top_position_1":"10","left_position_1":"10","dots_color_1":"#ffffff","dots_bg_color_1":"#232323","dots_shadow_color_1":"#232323","lb_product_2":"","top_position_2":"10","left_position_2":"10","dots_color_2":"#ffffff","dots_bg_color_2":"#232323","dots_shadow_color_2":"#232323","lb_product_3":"","top_position_3":"10","left_position_3":"10","dots_color_3":"#ffffff","dots_bg_color_3":"#232323","dots_shadow_color_3":"#232323"}}},"block_order":["template--16860770599221__156955cd-89cd-4579-a12e-7cc49d9e6cc4-166801888874ad58c4-0"],"settings":{"container":"1170","padding_full_width":0,"mg_top_desktop":20,"mg_top_tablet":20,"mg_top_mobile":0,"mg_bottom_desktop":0,"mg_bottom_tablet":0,"mg_bottom_mobile":0,"slideshow_background":"","slideshow_background_gradient":"","autoplay":true,"slideshow_speed":"5000","slideshow_transition":"true","dots":"true","dots_color":"#707979","dots_border_color":"#707979","dots_active_color":"rgba(0,0,0,0)","dots_active_border_color":"#505656","dots_direction":"bottom","position_slick_dots":"34px","dots_opacity":false,"arrow_active":true,"enable_custom_arrow":false,"arrow_width":35,"arrow_height":35,"arrow_size_icon":17,"arrow_color":"#666d6d","arrow_border_color":"#666d6d","arrow_bg_color":"#ffffff","arrow_color_hover":"","arrow_border_color_hover":"","arrow_bg_color_hover":"","position_slick_arrow":"10%","position_vertical_slick_arrow":"50%","video_height":"41.7%","auto_playvideo":true,"enable_categories":false,"text_categories":"Shop by categories","title_color":"#ffffff","bg_title":"#fd6506","text_icon_color":"#202020","menu_category":"","enable_banner":false,"lookbook_style":"1","lookbook_gradient_color":"","lookbook_background_color":"#333333","lookbook_text_color":"#ffffff","lookbook_dots_enabled":true,"lookbook_show_by_default":false,"lookbook_dots_mobile_enabled":true,"show_lookbook_title_price":true}},"2fd6ec0f-bf27-4fda-ac3b-fe970cb49874":{"type":"video-block","settings":{"container":"1170","mg_top_desktop":20,"mg_top_tablet":20,"mg_top_mobile":0,"mg_bottom_desktop":0,"mg_bottom_tablet":0,"mg_bottom_mobile":0,"spotlight_bg":"#ffffff","spotlight_bg_gradient":"","video_block_title":"","color_title":"#232323","fontsize_title":16,"fontsize_title_mb":22,"margin_bottom_title":40,"video_block_des":"","color_des":"#3c3c3c","fontsize_des":16,"title_align":"center","cover_image":"shopify:\/\/shop_images\/TEMP.PLAY-VIDEO.jpg","autoplay":false,"video_height":"56,5","style_video":"youtube","video_url":"https:\/\/vimeo.com\/107580451","url_mp4":"","description":"","full_width":false}},"79345a62-35f9-4433-af7d-12377cdc374c":{"type":"custom-text-block","settings":{"container":"1170","padding_full_width":0,"mg_top_desktop":20,"mg_top_tablet":20,"mg_top_mobile":0,"mg_bottom_desktop":0,"mg_bottom_tablet":0,"mg_bottom_mobile":0,"brand_bg":"#ffffff","brand_bg_gradient":"","brand_title":"","color_title":"#232323","fontsize_title":16,"fontsize_title_mb":16,"brand_des":"<iframe width=\"100%\" height=\"166\" scrolling=\"no\" frameborder=\"no\" allow=\"autoplay\" src=\"https:\/\/w.soundcloud.com\/player\/?url=https%3A\/\/api.soundcloud.com\/tracks\/1376459983%3Fsecret_token%3Ds-aHtwg8wjvZe&color=%23ff5500&auto_play=false&hide_related=false&show_comments=true&show_user=true&show_reposts=false&show_teaser=true\"><\/iframe><div style=\"font-size: 10px; color: #cccccc;line-break: anywhere;word-break: normal;overflow: hidden;white-space: nowrap;text-overflow: ellipsis; font-family: Interstate,Lucida Grande,Lucida Sans Unicode,Lucida Sans,Garuda,Verdana,Tahoma,sans-serif;font-weight: 100;\">\n<a href=\"https:\/\/soundcloud.com\/wogami-fx\" title=\"WOGAMi FX\" target=\"_blank\" style=\"color: #cccccc; text-decoration: none;\"> <\/a> · <a href=\"https:\/\/soundcloud.com\/wogami-fx\/wfx-demo-soundcloud-packing\/s-aHtwg8wjvZe\" title=\"WFX.DEMO SOUNDCLOUD.PACKING.221104 A\" target=\"_blank\" style=\"color: #cccccc; text-decoration: none;\"><\/a>\n<\/div>\n\n<iframe width=\"100%\" height=\"166\" scrolling=\"no\" frameborder=\"no\" allow=\"autoplay\" src=\"https:\/\/w.soundcloud.com\/player\/?url=https%3A\/\/api.soundcloud.com\/tracks\/1376459989%3Fsecret_token%3Ds-2tpWQEVa9Wk&color=%23ff5500&auto_play=false&hide_related=false&show_comments=true&show_user=true&show_reposts=false&show_teaser=true\"><\/iframe><div style=\"font-size: 10px; color: #cccccc;line-break: anywhere;word-break: normal;overflow: hidden;white-space: nowrap;text-overflow: ellipsis; font-family: Interstate,Lucida Grande,Lucida Sans Unicode,Lucida Sans,Garuda,Verdana,Tahoma,sans-serif;font-weight: 100;\">\n<a href=\"https:\/\/soundcloud.com\/wogami-fx\" title=\"WOGAMi FX\" target=\"_blank\" style=\"color: #cccccc; text-decoration: none;\"><\/a> · <a href=\"https:\/\/soundcloud.com\/wogami-fx\/wfx-demo-soundcloud-acrobatics\/s-2tpWQEVa9Wk\" title=\"WFX.DEMO SOUNDCLOUD.ACROBATICS.221104 A\" target=\"_blank\" style=\"color: #cccccc; text-decoration: none;\"><\/a>\n<\/div>\n\n<iframe width=\"100%\" height=\"166\" scrolling=\"no\" frameborder=\"no\" allow=\"autoplay\" src=\"https:\/\/w.soundcloud.com\/player\/?url=https%3A\/\/api.soundcloud.com\/tracks\/1376459971%3Fsecret_token%3Ds-dcM1qK3rjS2&color=%23ff5500&auto_play=false&hide_related=false&show_comments=true&show_user=true&show_reposts=false&show_teaser=true\"><\/iframe><div style=\"font-size: 10px; color: #cccccc;line-break: anywhere;word-break: normal;overflow: hidden;white-space: nowrap;text-overflow: ellipsis; font-family: Interstate,Lucida Grande,Lucida Sans Unicode,Lucida Sans,Garuda,Verdana,Tahoma,sans-serif;font-weight: 100;\">\n<a href=\"https:\/\/soundcloud.com\/wogami-fx\" title=\"WOGAMi FX\" target=\"_blank\" style=\"color: #cccccc; text-decoration: none;\"><\/a> · <a href=\"https:\/\/soundcloud.com\/wogami-fx\/wfx-demo-soundcloud-unpacking\/s-dcM1qK3rjS2\" title=\"WFX.DEMO SOUNDCLOUD.UNPACKING.221104 A\" target=\"_blank\" style=\"color: #cccccc; text-decoration: none;\"><\/a>\n<\/div>","color_des":"#3c3c3c","fontsize_des":10,"title_align":"center","menu":"","grid_gap":5,"padding_vertical":5,"padding_hozi":5,"border_radius":5,"fontsize_tab":16,"color_tab":"#232323","border_color":"#f9ede1","bg_color_tab":"#f9ede1","bg_color_gradient_tab":"","color_active":"#232323","border_color_active":"#f9ede1","bg_color_active":"#f9ede1","bg_color_gradient_active":""}},"5b2c1fff-237e-49d7-aea1-d2dc60092d0f":{"type":"custom-text-block","settings":{"container":"container","padding_full_width":0,"mg_top_desktop":20,"mg_top_tablet":20,"mg_top_mobile":0,"mg_bottom_desktop":0,"mg_bottom_tablet":0,"mg_bottom_mobile":0,"brand_bg":"#ffffff","brand_bg_gradient":"","brand_title":"PRESENTATION","color_title":"#003555","fontsize_title":16,"fontsize_title_mb":16,"brand_des":"Recording the sound of wind or other fast air movement is not an easy task. Especially when the mics are moving at insane speeds.\n<br> \n\nFor this sound collection, we recorded 16 thrilling acrobatic tricks in a breathtaking on-board POV, performed by the 4x Acro Paragliding World Cup champion Théo de Blic. What a treat! And to make it sound larger-than-life, we wanted to have the mics as close to the action as possible.\n<br>\n\nWe rigged the wing with 2 wireless mics, well-protected in heavy windshields and attached on the leading edge - where the magic happens - and a portable recorder stacked in the harness. Carrying on his own recording system, Théo took off for series of powerful acrobatic manoeuvers: Infinity Tumbling, SAT, Mac Twist, Misty Flip, Helico and Joker were among the trick list! Back in the studio, we meticulously cleaned and sound designed the treasured takes to make them sparkle and stand out.<br> \n\nBut those sensational tricks are not the only interesting sounds you can hear when it comes to paragliding. This collection explores the many aspects of the sport, high in the sky or on firm ground.<br> \n\nWe recorded series of straight flight onboard sequences, including take-off, flight & landing, in pilot and wing POVs. We designed thermal flight onboard sequences, separated in 4 stems for maximum editing flexibility: full mix, wind, variometer beeps and harness squeaks. We captured heaps of take-offs in a very close perspective, ground handling foley sessions and general animation atmospheres and wallas at take-off sites. <br> \n\nThe collection also features extensive wing and gear foley performed in two flavors: outdoor environment and recording studio. In this section, you will find full sequences and single actions of gear packing\/unpacking, wing folding\/unfolding, manipulations of harness, wing, risers, lines, straps, buckles, helmet, gloves, inner bag, tube bag, backpack and footsteps.<br> \n\nElectronic devices are also a key item in a pilot's kit, whether they serve for navigation or to document your aerial journeys. Based on the famous FlyMaster SD Series, we synthesized a whole collection of variometer beeps, alarms and melodies. We entirely sampled a Baofeng UV-5R walkie talkie, its voice prompts, beeps and white noise. We blew ventilation fans straight into a GoPro's internal mics for creative and realistic wind sound effects. We also heavily manipulated the poor camera to squeeze out its characteristic rattling noise in an internal POV.<br> \n\nWhether you are sound designing for films, documentaries, video games, YouTube or Instagram, this collection will take your soundtrack off the ground and bring your story to the next level. Sky is the limit.<br>","color_des":"#003555","fontsize_des":16,"title_align":"left","menu":"","grid_gap":5,"padding_vertical":5,"padding_hozi":5,"border_radius":5,"fontsize_tab":16,"color_tab":"#232323","border_color":"#f9ede1","bg_color_tab":"#f9ede1","bg_color_gradient_tab":"","color_active":"#232323","border_color_active":"#f9ede1","bg_color_active":"#f9ede1","bg_color_gradient_active":""}}},"order":["9e0531d0-9e59-4bfd-a6ac-e255348babb7","8a473f59-f40b-47e1-870f-00d21033eb47","ed402072-13b5-4edf-a877-f095df815b5d","05c53477-487c-4d5c-a51c-eb750d43e191","a4c96d2f-9890-4806-8dee-dd1d8839c3fc","3d53f3fb-6a4e-45f0-bf81-25feb70a6895","aa3b8a54-882f-469a-99a9-84d559e4f58c","be62bc8d-cfba-4aea-9d15-f7a9d860af66","156955cd-89cd-4579-a12e-7cc49d9e6cc4","2fd6ec0f-bf27-4fda-ac3b-fe970cb49874","79345a62-35f9-4433-af7d-12377cdc374c","5b2c1fff-237e-49d7-aea1-d2dc60092d0f"]}